<COLLADA xmlns="http://www.collada.org/2005/11/COLLADASchema" version="1.4.1">
  <asset>
    <contributor/>
    <created>2025-07-21T12:54:50.153215</created>
    <modified>2025-07-21T12:54:50.153215</modified>
    <unit name="meter" meter="1.0"/>
    <up_axis>Z_UP</up_axis>
  </asset>
  <library_effects>
    <effect id="effect_Mesh" name="effect_Mesh">
      <profile_COMMON>
        <technique sid="common">
          <phong>
            <emission>
              <color>0.0 0.0 0.0 1.0</color>
            </emission>
            <ambient>
              <color>0.0 0.0 0.0 1.0</color>
            </ambient>
            <diffuse>
              <color>0.6784313917160034 0.7098039388656616 0.7411764860153198 1.0</color>
            </diffuse>
            <specular>
              <color>1 1 1 1.0</color>
            </specular>
            <shininess>
              <float>0.0</float>
            </shininess>
            <reflective>
              <color>0.0 0.0 0.0 1.0</color>
            </reflective>
            <reflectivity>
              <float>0.0</float>
            </reflectivity>
            <transparent>
              <color>0.0 0.0 0.0 1.0</color>
            </transparent>
            <transparency>
              <float>1.0</float>
            </transparency>
          </phong>
        </technique>
        <extra>
          <technique profile="GOOGLEEARTH">
            <double_sided>0</double_sided>
          </technique>
        </extra>
      </profile_COMMON>
    </effect>
  </library_effects>
  <library_geometries>
    <geometry id="geometry0" name="Mesh">
      <mesh>
        <source id="cubeverts-array0">
          <float_array count="5580" id="cubeverts-array0-array">5 -2 4 4 -2 0 5 -2 0 4 -2 4 4 -3 0 4 -3 4 3 -3 0 3 -3 4 3 -1 0 3 -1 4 6 -1 0 6 -1 4 10 -8 0 10 -8 4 9 -9 0 9 -9 4 9.015313 -9.034812 0 9.015313 -9.034812 4 9.03099 -9.069461 0 9.03099 -9.069461 4 9.047031 -9.103943 0 9.047031 -9.103943 4 9.063433 -9.138256 0 9.063433 -9.138256 4 9.080193 -9.172395 0 9.080193 -9.172395 4 9.097313 -9.206354 0 9.097313 -9.206354 4 9.114786 -9.240134 0 9.114786 -9.240134 4 9.132613 -9.273728 0 9.132613 -9.273728 4 9.150793 -9.307132 0 9.150793 -9.307132 4 9.169322 -9.340344 0 9.169322 -9.340344 4 9.188199 -9.373359 0 9.188199 -9.373359 4 9.207421 -9.406175 0 9.207421 -9.406175 4 9.226986 -9.438786 0 9.226986 -9.438786 4 9.246894 -9.471191 0 9.246894 -9.471191 4 9.26714 -9.503385 0 9.26714 -9.503385 4 9.287723 -9.535364 0 9.287723 -9.535364 4 9.308641 -9.567126 0 9.308641 -9.567126 4 9.32989 -9.598667 0 9.32989 -9.598667 4 9.35147 -9.629982 0 9.35147 -9.629982 4 9.373377 -9.661069 0 9.373377 -9.661069 4 9.395609 -9.691925 0 9.395609 -9.691925 4 9.418165 -9.722546 0 9.418165 -9.722546 4 9.44104 -9.752928 0 9.44104 -9.752928 4 9.464233 -9.783068 0 9.464233 -9.783068 4 9.487741 -9.812963 0 9.487741 -9.812963 4 9.511563 -9.842609 0 9.511563 -9.842609 4 9.535693 -9.872005 0 9.535693 -9.872005 4 9.560131 -9.901145 0 9.560131 -9.901145 4 9.584874 -9.930026 0 9.584874 -9.930026 4 9.609918 -9.958646 0 9.609918 -9.958646 4 9.635262 -9.987003 0 9.635262 -9.987003 4 9.660901 -10.01509 0 9.660901 -10.01509 4 9.686835 -10.04291 0 9.686835 -10.04291 4 9.713059 -10.07045 0 9.713059 -10.07045 4 9.73957 -10.09772 0 9.73957 -10.09772 4 9.766366 -10.12471 0 9.766366 -10.12471 4 9.793444 -10.15141 0 9.793444 -10.15141 4 9.820802 -10.17783 0 9.820802 -10.17783 4 9.848435 -10.20396 0 9.848435 -10.20396 4 9.87634 -10.2298 0 9.87634 -10.2298 4 9.904516 -10.25534 0 9.904516 -10.25534 4 9.932958 -10.28059 0 9.932958 -10.28059 4 9.961663 -10.30554 0 9.961663 -10.30554 4 9.990629 -10.33018 0 9.990629 -10.33018 4 10.01985 -10.35452 0 10.01985 -10.35452 4 10.04933 -10.37855 0 10.04933 -10.37855 4 10.07906 -10.40227 0 10.07906 -10.40227 4 10.10903 -10.42567 0 10.10903 -10.42567 4 10.13925 -10.44876 0 10.13925 -10.44876 4 10.16971 -10.47154 0 10.16971 -10.47154 4 10.20041 -10.49399 0 10.20041 -10.49399 4 10.23134 -10.51612 0 10.23134 -10.51612 4 10.2625 -10.53792 0 10.2625 -10.53792 4 10.29389 -10.55939 0 10.29389 -10.55939 4 10.3255 -10.58053 0 10.3255 -10.58053 4 10.35733 -10.60134 0 10.35733 -10.60134 4 10.38938 -10.62182 0 10.38938 -10.62182 4 10.42165 -10.64195 0 10.42165 -10.64195 4 10.45412 -10.66175 0 10.45412 -10.66175 4 10.4868 -10.6812 0 10.4868 -10.6812 4 10.51968 -10.70031 0 10.51968 -10.70031 4 10.55276 -10.71908 0 10.55276 -10.71908 4 10.58603 -10.73749 0 10.58603 -10.73749 4 10.6195 -10.75556 0 10.6195 -10.75556 4 10.65315 -10.77327 0 10.65315 -10.77327 4 10.68699 -10.79063 0 10.68699 -10.79063 4 10.72101 -10.80763 0 10.72101 -10.80763 4 10.7552 -10.82428 0 10.7552 -10.82428 4 10.78957 -10.84056 0 10.78957 -10.84056 4 10.82411 -10.85649 0 10.82411 -10.85649 4 10.85881 -10.87204 0 10.85881 -10.87204 4 10.89367 -10.88724 0 10.89367 -10.88724 4 10.9287 -10.90207 0 10.9287 -10.90207 4 10.96387 -10.91653 0 10.96387 -10.91653 4 10.9992 -10.93062 0 10.9992 -10.93062 4 11.03467 -10.94433 0 11.03467 -10.94433 4 11.07028 -10.95768 0 11.07028 -10.95768 4 11.10603 -10.97065 0 11.10603 -10.97065 4 11.14192 -10.98324 0 11.14192 -10.98324 4 11.17793 -10.99546 0 11.17793 -10.99546 4 11.21407 -11.00729 0 11.21407 -11.00729 4 11.25034 -11.01875 0 11.25034 -11.01875 4 11.28672 -11.02983 0 11.28672 -11.02983 4 11.32322 -11.04052 0 11.32322 -11.04052 4 11.35982 -11.05083 0 11.35982 -11.05083 4 11.39654 -11.06075 0 11.39654 -11.06075 4 11.43335 -11.07029 0 11.43335 -11.07029 4 11.47027 -11.07945 0 11.47027 -11.07945 4 11.50727 -11.08821 0 11.50727 -11.08821 4 11.54437 -11.09658 0 11.54437 -11.09658 4 11.58155 -11.10457 0 11.58155 -11.10457 4 11.61882 -11.11216 0 11.61882 -11.11216 4 11.65616 -11.11937 0 11.65616 -11.11937 4 11.69358 -11.12617 0 11.69358 -11.12617 4 11.73106 -11.13259 0 11.73106 -11.13259 4 11.76861 -11.13862 0 11.76861 -11.13862 4 11.80623 -11.14424 4 11.80623 -11.14424 0 11.8439 -11.14948 0 11.8439 -11.14948 4 11.88162 -11.15431 0 11.88162 -11.15431 4 11.91939 -11.15875 4 11.91939 -11.15875 0 11.9572 -11.1628 0 11.9572 -11.1628 4 11.99506 -11.16645 0 11.99506 -11.16645 4 12.03295 -11.1697 4 12.03295 -11.1697 0 12.07088 -11.17255 0 12.07088 -11.17255 4 12.10883 -11.175 0 12.10883 -11.175 4 12.1468 -11.17706 0 12.1468 -11.17706 4 12.1848 -11.17871 0 12.1848 -11.17871 4 12.22281 -11.17997 4 12.22281 -11.17997 0 12.26083 -11.18083 0 12.26083 -11.18083 4 12.29886 -11.18129 0 12.29886 -11.18129 4 12.33689 -11.18134 4 12.33689 -11.18134 0 12.37492 -11.181 0 12.37492 -11.181 4 12.41294 -11.18027 4 12.41294 -11.18027 0 12.45095 -11.17913 0 12.45095 -11.17913 4 12.48895 -11.17759 0 12.48895 -11.17759 4 12.52694 -11.17565 0 12.52694 -11.17565 4 12.56489 -11.17332 4 12.56489 -11.17332 0 12.60283 -11.17059 0 12.60283 -11.17059 4 12.64073 -11.16746 4 12.64073 -11.16746 0 12.6786 -11.16393 0 12.6786 -11.16393 4 12.71642 -11.16 0 12.71642 -11.16 4 12.75421 -11.15568 4 12.75421 -11.15568 0 12.79195 -11.15096 0 12.79195 -11.15096 4 12.82963 -11.14584 4 12.82963 -11.14584 0 12.86726 -11.14033 4 12.86726 -11.14033 0 12.90483 -11.13442 0 12.90483 -11.13442 4 12.94233 -11.12813 4 12.94233 -11.12813 0 12.97977 -11.12143 0 12.97977 -11.12143 4 13.01714 -11.11435 4 13.01714 -11.11435 0 13.05443 -11.10687 4 13.05443 -11.10687 0 13.09163 -11.099 0 13.09163 -11.099 4 13.12876 -11.09074 4 13.12876 -11.09074 0 13.16579 -11.08209 4 13.16579 -11.08209 0 13.20273 -11.07306 0 13.20273 -11.07306 4 13.23958 -11.06363 4 13.23958 -11.06363 0 13.27632 -11.05382 4 13.27632 -11.05382 0 13.31296 -11.04363 0 13.31296 -11.04363 4 13.34949 -11.03305 4 13.34949 -11.03305 0 13.38591 -11.02209 0 13.38591 -11.02209 4 13.42221 -11.01074 4 13.42221 -11.01074 0 13.45839 -10.99902 0 13.45839 -10.99902 4 13.49444 -10.98691 4 13.49444 -10.98691 0 13.53036 -10.97443 4 13.53036 -10.97443 0 13.56616 -10.96158 4 13.56616 -10.96158 0 13.60181 -10.94834 0 13.60181 -10.94834 4 13.63732 -10.93474 4 13.63732 -10.93474 0 13.67269 -10.92076 4 13.67269 -10.92076 0 13.70791 -10.90641 4 13.70791 -10.90641 0 13.74298 -10.89169 4 13.74298 -10.89169 0 13.77789 -10.8766 4 13.77789 -10.8766 0 13.81264 -10.86115 4 13.81264 -10.86115 0 13.84723 -10.84534 4 13.84723 -10.84534 0 13.88165 -10.82916 0 13.88165 -10.82916 4 13.91589 -10.81262 0 13.91589 -10.81262 4 13.94997 -10.79573 4 13.94997 -10.79573 0 13.98386 -10.77847 4 13.98386 -10.77847 0 14.01757 -10.76087 4 14.01757 -10.76087 0 14.05109 -10.7429 4 14.05109 -10.7429 0 14.08442 -10.72459 4 14.08442 -10.72459 0 14.11756 -10.70593 4 14.11756 -10.70593 0 14.1505 -10.68692 0 14.1505 -10.68692 4 14.18324 -10.66757 4 14.18324 -10.66757 0 14.21577 -10.64788 4 14.21577 -10.64788 0 14.2481 -10.62784 4 14.2481 -10.62784 0 14.28021 -10.60747 4 14.28021 -10.60747 0 14.31211 -10.58676 0 14.31211 -10.58676 4 14.34379 -10.56571 4 14.34379 -10.56571 0 14.37524 -10.54434 4 14.37524 -10.54434 0 14.40647 -10.52264 0 14.40647 -10.52264 4 14.43747 -10.50061 4 14.43747 -10.50061 0 14.46824 -10.47825 4 14.46824 -10.47825 0 14.49877 -10.45557 4 14.49877 -10.45557 0 14.52906 -10.43258 4 14.52906 -10.43258 0 14.55911 -10.40927 0 14.55911 -10.40927 4 14.58891 -10.38564 4 14.58891 -10.38564 0 14.61846 -10.3617 4 14.61846 -10.3617 0 14.64776 -10.33745 4 14.64776 -10.33745 0 14.6768 -10.3129 4 14.6768 -10.3129 0 14.70559 -10.28804 4 14.70559 -10.28804 0 14.73411 -10.26288 4 14.73411 -10.26288 0 14.76236 -10.23743 4 14.76236 -10.23743 0 14.79035 -10.21168 0 14.79035 -10.21168 4 14.81806 -10.18563 4 14.81806 -10.18563 0 14.8455 -10.1593 4 14.8455 -10.1593 0 14.87267 -10.13268 4 14.87267 -10.13268 0 14.89955 -10.10578 4 14.89955 -10.10578 0 14.92614 -10.07859 4 14.92614 -10.07859 0 14.95245 -10.05113 4 14.95245 -10.05113 0 14.97847 -10.0234 4 14.97847 -10.0234 0 15.0042 -9.995388 0 15.0042 -9.995388 4 15.02963 -9.967111 4 15.02963 -9.967111 0 15.05476 -9.938569 4 15.05476 -9.938569 0 15.0796 -9.909765 4 15.0796 -9.909765 0 15.10413 -9.880701 4 15.10413 -9.880701 0 15.12835 -9.851382 0 15.12835 -9.851382 4 15.15226 -9.82181 4 15.15226 -9.82181 0 15.17586 -9.791988 4 15.17586 -9.791988 0 15.19915 -9.761921 4 15.19915 -9.761921 0 15.22212 -9.73161 4 15.22212 -9.73161 0 15.24477 -9.701061 0 15.24477 -9.701061 4 15.2671 -9.670274 4 15.2671 -9.670274 0 15.28911 -9.639256 4 15.28911 -9.639256 0 15.31078 -9.608008 4 15.31078 -9.608008 0 15.33213 -9.576534 4 15.33213 -9.576534 0 15.35315 -9.544838 4 15.35315 -9.544838 0 15.37383 -9.512923 0 15.37383 -9.512923 4 15.39418 -9.480792 4 15.39418 -9.480792 0 15.41418 -9.448449 4 15.41418 -9.448449 0 15.43385 -9.415899 4 15.43385 -9.415899 0 15.45318 -9.383144 4 15.45318 -9.383144 0 15.47216 -9.350188 4 15.47216 -9.350188 0 15.49079 -9.317033 4 15.49079 -9.317033 0 15.50907 -9.283686 4 15.50907 -9.283686 0 15.527 -9.250148 4 15.527 -9.250148 0 15.54458 -9.216424 4 15.54458 -9.216424 0 15.56181 -9.182518 4 15.56181 -9.182518 0 15.57868 -9.148432 4 15.57868 -9.148432 0 15.59519 -9.114171 4 15.59519 -9.114171 0 15.61133 -9.079738 4 15.61133 -9.079738 0 15.62712 -9.045139 4 15.62712 -9.045139 0 15.64254 -9.010374 4 15.64254 -9.010374 0 15.6576 -8.97545 4 15.6576 -8.97545 0 15.67229 -8.940371 0 15.67229 -8.940371 4 15.6866 -8.905139 4 15.6866 -8.905139 0 15.70055 -8.869758 4 15.70055 -8.869758 0 15.71413 -8.834232 4 15.71413 -8.834232 0 15.72733 -8.798567 4 15.72733 -8.798567 0 15.74016 -8.762765 4 15.74016 -8.762765 0 15.75261 -8.72683 4 15.75261 -8.72683 0 15.76468 -8.690766 4 15.76468 -8.690766 0 15.77638 -8.654577 4 15.77638 -8.654577 0 15.78769 -8.618269 4 15.78769 -8.618269 0 15.79862 -8.581842 4 15.79862 -8.581842 0 15.80917 -8.545304 4 15.80917 -8.545304 0 15.81933 -8.508656 4 15.81933 -8.508656 0 15.82911 -8.471903 4 15.82911 -8.471903 0 15.83851 -8.435051 4 15.83851 -8.435051 0 15.84751 -8.398102 4 15.84751 -8.398102 0 15.85613 -8.36106 4 15.85613 -8.36106 0 15.86436 -8.32393 4 15.86436 -8.32393 0 15.87219 -8.286715 4 15.87219 -8.286715 0 15.87964 -8.24942 4 15.87964 -8.24942 0 15.88669 -8.212049 4 15.88669 -8.212049 0 15.89335 -8.174606 4 15.89335 -8.174606 0 15.89962 -8.137095 4 15.89962 -8.137095 0 15.9055 -8.09952 4 15.9055 -8.09952 0 15.91097 -8.061886 4 15.91097 -8.061886 0 15.91606 -8.024196 4 15.91606 -8.024196 0 15.92075 -7.986456 4 15.92075 -7.986456 0 15.92504 -7.948667 4 15.92504 -7.948667 0 15.92893 -7.910836 4 15.92893 -7.910836 0 15.93243 -7.872967 0 15.93243 -7.872967 4 15.93553 -7.835062 4 15.93553 -7.835062 0 15.93823 -7.797127 4 15.93823 -7.797127 0 15.94053 -7.759166 4 15.94053 -7.759166 0 15.94243 -7.721183 4 15.94243 -7.721183 0 15.94394 -7.683182 0 15.94394 -7.683182 4 15.94505 -7.645167 4 15.94505 -7.645167 0 15.94575 -7.607143 4 15.94575 -7.607143 0 15.94606 -7.569113 4 15.94606 -7.569113 0 15.94597 -7.531082 4 15.94597 -7.531082 0 15.94548 -7.493054 4 15.94548 -7.493054 0 15.94459 -7.455034 4 15.94459 -7.455034 0 15.9433 -7.417024 4 15.9433 -7.417024 0 15.94161 -7.379031 4 15.94161 -7.379031 0 15.93952 -7.341058 4 15.93952 -7.341058 0 15.93704 -7.303108 4 15.93704 -7.303108 0 15.93415 -7.265187 4 15.93415 -7.265187 0 15.93087 -7.227297 4 15.93087 -7.227297 0 15.92719 -7.189445 4 15.92719 -7.189445 0 15.92312 -7.151633 4 15.92312 -7.151633 0 15.91864 -7.113866 4 15.91864 -7.113866 0 15.91377 -7.076148 4 15.91377 -7.076148 0 15.90851 -7.038483 4 15.90851 -7.038483 0 15.90285 -7.000876 0 15.90285 -7.000876 4 15.89679 -6.96333 4 15.89679 -6.96333 0 15.89035 -6.92585 4 15.89035 -6.92585 0 15.8835 -6.888439 4 15.8835 -6.888439 0 15.87627 -6.851103 4 15.87627 -6.851103 0 15.86864 -6.813844 4 15.86864 -6.813844 0 15.86063 -6.776668 4 15.86063 -6.776668 0 15.85222 -6.739578 4 15.85222 -6.739578 0 15.84343 -6.702578 4 15.84343 -6.702578 0 15.83424 -6.665672 4 15.83424 -6.665672 0 15.82467 -6.628865 4 15.82467 -6.628865 0 15.81472 -6.59216 4 15.81472 -6.59216 0 15.80438 -6.555562 0 15.80438 -6.555562 4 15.79365 -6.519075 0 15.79365 -6.519075 4 15.78255 -6.482702 4 15.78255 -6.482702 0 15.77106 -6.446447 4 15.77106 -6.446447 0 15.75919 -6.410315 4 15.75919 -6.410315 0 15.74694 -6.374311 4 15.74694 -6.374311 0 15.73432 -6.338436 4 15.73432 -6.338436 0 15.72132 -6.302696 4 15.72132 -6.302696 0 15.70795 -6.267094 4 15.70795 -6.267094 0 15.6942 -6.231635 4 15.6942 -6.231635 0 15.68008 -6.196322 0 15.68008 -6.196322 4 15.66559 -6.161159 4 15.66559 -6.161159 0 15.65073 -6.12615 4 15.65073 -6.12615 0 15.63551 -6.091299 4 15.63551 -6.091299 0 15.61992 -6.05661 4 15.61992 -6.05661 0 15.60397 -6.022087 4 15.60397 -6.022087 0 15.58765 -5.987732 4 15.58765 -5.987732 0 15.57098 -5.953551 0 15.57098 -5.953551 4 15.55395 -5.919547 4 15.55395 -5.919547 0 15.53656 -5.885724 4 15.53656 -5.885724 0 15.51882 -5.852085 4 15.51882 -5.852085 0 15.50073 -5.818634 4 15.50073 -5.818634 0 15.48228 -5.785375 4 15.48228 -5.785375 0 15.46349 -5.752311 4 15.46349 -5.752311 0 15.44435 -5.719447 4 15.44435 -5.719447 0 15.42487 -5.686785 4 15.42487 -5.686785 0 15.40504 -5.65433 4 15.40504 -5.65433 0 15.38488 -5.622084 4 15.38488 -5.622084 0 15.36438 -5.590052 0 15.36438 -5.590052 4 15.34354 -5.558237 0 15.34354 -5.558237 4 15.32238 -5.526642 4 15.32238 -5.526642 0 15.30087 -5.495271 4 15.30087 -5.495271 0 15.27905 -5.464128 4 15.27905 -5.464128 0 15.25689 -5.433216 0 15.25689 -5.433216 4 15.23442 -5.402538 4 15.23442 -5.402538 0 15.21162 -5.372097 4 15.21162 -5.372097 0 15.1885 -5.341898 0 15.1885 -5.341898 4 15.16507 -5.311943 4 15.16507 -5.311943 0 15.14133 -5.282235 4 15.14133 -5.282235 0 15.11727 -5.252779 4 15.11727 -5.252779 0 15.09291 -5.223577 4 15.09291 -5.223577 0 15.06824 -5.194632 4 15.06824 -5.194632 0 15.04327 -5.165947 4 15.04327 -5.165947 0 15.018 -5.137526 4 15.018 -5.137526 0 14.99243 -5.109373 4 14.99243 -5.109373 0 14.96657 -5.081489 4 14.96657 -5.081489 0 14.94041 -5.053878 4 14.94041 -5.053878 0 14.91397 -5.026543 4 14.91397 -5.026543 0 14.88725 -4.999488 4 14.88725 -4.999488 0 14.86024 -4.972714 4 14.86024 -4.972714 0 14.83295 -4.946226 4 14.83295 -4.946226 0 14.80538 -4.920025 4 14.80538 -4.920025 0 14.77754 -4.894116 4 14.77754 -4.894116 0 14.74943 -4.8685 0 14.74943 -4.8685 4 14.72105 -4.84318 4 14.72105 -4.84318 0 14.69241 -4.81816 4 14.69241 -4.81816 0 14.66351 -4.793442 4 14.66351 -4.793442 0 14.63435 -4.769029 0 14.63435 -4.769029 4 14.60493 -4.744923 4 14.60493 -4.744923 0 14.57527 -4.721127 4 14.57527 -4.721127 0 14.54535 -4.697645 4 14.54535 -4.697645 0 14.51519 -4.674477 4 14.51519 -4.674477 0 14.48479 -4.651627 4 14.48479 -4.651627 0 14.45415 -4.629098 4 14.45415 -4.629098 0 14.42328 -4.606892 4 14.42328 -4.606892 0 14.39217 -4.585011 0 14.39217 -4.585011 4 14.36084 -4.563458 4 14.36084 -4.563458 0 14.32928 -4.542234 4 14.32928 -4.542234 0 14.2975 -4.521344 4 14.2975 -4.521344 0 14.2655 -4.500788 4 14.2655 -4.500788 0 14.23329 -4.480569 4 14.23329 -4.480569 0 14.20087 -4.460689 4 14.20087 -4.460689 0 14.16824 -4.441151 4 14.16824 -4.441151 0 14.13541 -4.421957 4 14.13541 -4.421957 0 14.10238 -4.403108 4 14.10238 -4.403108 0 14.06915 -4.384607 0 14.06915 -4.384607 4 14.03573 -4.366457 4 14.03573 -4.366457 0 14.00212 -4.348657 4 14.00212 -4.348657 0 13.96833 -4.331212 4 13.96833 -4.331212 0 13.93435 -4.314122 4 13.93435 -4.314122 0 13.9002 -4.29739 4 13.9002 -4.29739 0 13.86587 -4.281018 4 13.86587 -4.281018 0 13.83138 -4.265006 4 13.83138 -4.265006 0 13.79671 -4.249358 4 13.79671 -4.249358 0 13.76189 -4.234075 4 13.76189 -4.234075 0 13.72691 -4.219158 0 13.72691 -4.219158 4 13.69177 -4.204608 4 13.69177 -4.204608 0 13.65648 -4.190429 4 13.65648 -4.190429 0 13.62104 -4.176621 4 13.62104 -4.176621 0 13.58547 -4.163186 0 13.58547 -4.163186 4 13.54975 -4.150125 4 13.54975 -4.150125 0 13.51389 -4.137439 4 13.51389 -4.137439 0 13.47791 -4.125131 0 13.47791 -4.125131 4 13.4418 -4.113202 4 13.4418 -4.113202 0 13.40556 -4.101652 0 13.40556 -4.101652 4 13.36921 -4.090483 4 13.36921 -4.090483 0 13.33274 -4.079696 4 13.33274 -4.079696 0 13.29616 -4.069293 4 13.29616 -4.069293 0 13.25947 -4.059274 0 13.25947 -4.059274 4 13.22268 -4.049641 0 13.22268 -4.049641 4 13.18579 -4.040395 4 13.18579 -4.040395 0 13.14881 -4.031537 4 13.14881 -4.031537 0 13.11173 -4.023067 4 13.11173 -4.023067 0 13.07457 -4.014987 4 13.07457 -4.014987 0 13.03732 -4.007298 4 13.03732 -4.007298 0 13 -4 0 13 -4 4 12 -5 0 12 -5 4 8 2 0 8 2 4 9 3 0 9 3 4 12.43494 -3.011149 0 12.43494 -3.011149 4 8.411296 -8.006961 4 8.407966 -7.963941 0 8.411296 -8.006961 0 8.407966 -7.963941 4 8.415024 -8.049948 4 8.415024 -8.049948 0 8.41915 -8.092899 4 8.41915 -8.092899 0 8.423675 -8.135811 4 8.423675 -8.135811 0 8.428597 -8.178677 4 8.428597 -8.178677 0 8.433915 -8.221497 4 8.433915 -8.221497 0 8.43963 -8.264266 4 8.43963 -8.264266 0 8.445742 -8.306979 4 8.445742 -8.306979 0 8.452249 -8.349635 4 8.452249 -8.349635 0 8.45915 -8.392228 4 8.45915 -8.392228 0 8.466447 -8.434755 4 8.466447 -8.434755 0 8.474138 -8.477213 4 8.474138 -8.477213 0 8.482221 -8.519598 4 8.482221 -8.519598 0 8.490696 -8.561906 4 8.490696 -8.561906 0 8.499563 -8.604134 4 8.499563 -8.604134 0 8.508822 -8.646277 4 8.508822 -8.646277 0 8.518471 -8.688334 4 8.518471 -8.688334 0 8.528509 -8.730299 4 8.528509 -8.730299 0 8.538936 -8.772169 4 8.538936 -8.772169 0 8.549749 -8.81394 4 8.549749 -8.81394 0 8.56095 -8.85561 4 8.56095 -8.85561 0 8.572536 -8.897174 4 8.572536 -8.897174 0 8.584507 -8.938629 4 8.584507 -8.938629 0 8.596861 -8.979972 4 8.596861 -8.979972 0 8.609599 -9.021197 4 8.609599 -9.021197 0 8.622718 -9.062304 4 8.622718 -9.062304 0 8.636217 -9.103286 4 8.636217 -9.103286 0 8.650095 -9.144143 4 8.650095 -9.144143 0 8.664352 -9.184868 4 8.664352 -9.184868 0 8.678984 -9.22546 0 8.678984 -9.22546 4 8.693993 -9.265914 4 8.693993 -9.265914 0 8.709376 -9.306228 4 8.709376 -9.306228 0 8.725132 -9.346396 4 8.725132 -9.346396 0 8.741259 -9.386418 4 8.741259 -9.386418 0 8.757757 -9.426288 4 8.757757 -9.426288 0 8.774623 -9.466004 4 8.774623 -9.466004 0 8.791856 -9.505562 4 8.791856 -9.505562 0 8.809456 -9.544958 4 8.809456 -9.544958 0 8.82742 -9.584189 4 8.82742 -9.584189 0 8.845747 -9.623253 4 8.845747 -9.623253 0 8.864435 -9.662146 0 8.864435 -9.662146 4 8.883482 -9.700862 4 8.883482 -9.700862 0 8.902888 -9.739401 4 8.902888 -9.739401 0 8.922649 -9.777759 4 8.922649 -9.777759 0 8.942767 -9.815931 0 8.942767 -9.815931 4 8.963235 -9.853915 4 8.963235 -9.853915 0 8.984056 -9.891709 4 8.984056 -9.891709 0 9.005226 -9.929308 4 9.005226 -9.929308 0 9.026743 -9.966708 4 9.026743 -9.966708 0 9.048605 -10.00391 4 9.048605 -10.00391 0 9.070813 -10.0409 4 9.070813 -10.0409 0 9.093361 -10.07769 4 9.093361 -10.07769 0 9.11625 -10.11427 4 9.11625 -10.11427 0 9.139477 -10.15063 4 9.139477 -10.15063 0 9.163039 -10.18678 4 9.163039 -10.18678 0 9.186936 -10.22271 4 9.186936 -10.22271 0 9.211164 -10.25841 0 9.211164 -10.25841 4 9.235723 -10.29389 4 9.235723 -10.29389 0 9.260608 -10.32914 4 9.260608 -10.32914 0 9.28582 -10.36416 0 9.28582 -10.36416 4 9.311355 -10.39894 4 9.311355 -10.39894 0 9.337212 -10.43348 0 9.337212 -10.43348 4 9.363387 -10.46778 0 9.363387 -10.46778 4 9.389879 -10.50184 4 9.389879 -10.50184 0 9.416686 -10.53565 0 9.416686 -10.53565 4 9.443804 -10.56922 4 9.443804 -10.56922 0 9.471232 -10.60253 4 9.471232 -10.60253 0 9.498969 -10.63558 4 9.498969 -10.63558 0 9.52701 -10.66837 4 9.52701 -10.66837 0 9.555354 -10.70091 4 9.555354 -10.70091 0 9.583998 -10.73318 4 9.583998 -10.73318 0 9.61294 -10.76518 4 9.61294 -10.76518 0 9.642178 -10.79691 4 9.642178 -10.79691 0 9.671708 -10.82837 4 9.671708 -10.82837 0 9.701528 -10.85956 4 9.701528 -10.85956 0 9.731637 -10.89047 4 9.731637 -10.89047 0 9.762029 -10.9211 0 9.762029 -10.9211 4 9.792705 -10.95144 4 9.792705 -10.95144 0 9.823661 -10.9815 4 9.823661 -10.9815 0 9.854895 -11.01127 4 9.854895 -11.01127 0 9.886401 -11.04075 4 9.886401 -11.04075 0 9.918181 -11.06994 4 9.918181 -11.06994 0 9.950229 -11.09883 4 9.950229 -11.09883 0 9.982544 -11.12742 0 9.982544 -11.12742 4 10.01512 -11.15571 4 10.01512 -11.15571 0 10.04796 -11.1837 4 10.04796 -11.1837 0 10.08106 -11.21139 0 10.08106 -11.21139 4 10.11441 -11.23876 4 10.11441 -11.23876 0 10.14802 -11.26583 4 10.14802 -11.26583 0 10.18187 -11.29258 4 10.18187 -11.29258 0 10.21597 -11.31902 4 10.21597 -11.31902 0 10.25031 -11.34514 4 10.25031 -11.34514 0 10.2849 -11.37094 4 10.2849 -11.37094 0 10.31972 -11.39642 4 10.31972 -11.39642 0 10.35478 -11.42158 0 10.35478 -11.42158 4 10.39007 -11.44641 4 10.39007 -11.44641 0 10.42558 -11.47091 4 10.42558 -11.47091 0 10.46133 -11.49508 4 10.46133 -11.49508 0 10.49729 -11.51892 4 10.49729 -11.51892 0 10.53348 -11.54243 4 10.53348 -11.54243 0 10.56988 -11.5656 0 10.56988 -11.5656 4 10.60649 -11.58843 4 10.60649 -11.58843 0 10.64331 -11.61092 4 10.64331 -11.61092 0 10.68034 -11.63307 4 10.68034 -11.63307 0 10.71758 -11.65487 0 10.71758 -11.65487 4 10.75501 -11.67633 4 10.75501 -11.67633 0 10.79265 -11.69744 4 10.79265 -11.69744 0 10.83047 -11.7182 4 10.83047 -11.7182 0 10.86849 -11.73861 4 10.86849 -11.73861 0 10.90669 -11.75867 4 10.90669 -11.75867 0 10.94508 -11.77837 4 10.94508 -11.77837 0 10.98365 -11.79771 4 10.98365 -11.79771 0 11.0224 -11.8167 4 11.0224 -11.8167 0 11.06132 -11.83532 0 11.06132 -11.83532 4 11.10041 -11.85359 4 11.10041 -11.85359 0 11.13967 -11.87149 0 11.13967 -11.87149 4 11.1791 -11.88903 4 11.1791 -11.88903 0 11.21868 -11.9062 4 11.21868 -11.9062 0 11.25842 -11.923 4 11.25842 -11.923 0 11.29832 -11.93944 4 11.29832 -11.93944 0 11.33837 -11.9555 0 11.33837 -11.9555 4 11.37856 -11.97119 0 11.37856 -11.97119 4 11.4189 -11.98651 0 11.4189 -11.98651 4 11.45938 -12.00146 4 11.45938 -12.00146 0 11.49999 -12.01603 4 11.49999 -12.01603 0 11.54074 -12.03022 4 11.54074 -12.03022 0 11.58162 -12.04403 0 11.58162 -12.04403 4 11.62262 -12.05746 0 11.62262 -12.05746 4 11.66375 -12.07052 4 11.66375 -12.07052 0 11.70499 -12.08319 4 11.70499 -12.08319 0 11.74636 -12.09548 4 11.74636 -12.09548 0 11.78783 -12.10739 4 11.78783 -12.10739 0 11.82941 -12.11891 4 11.82941 -12.11891 0 11.8711 -12.13004 4 11.8711 -12.13004 0 11.91289 -12.14079 4 11.91289 -12.14079 0 11.95477 -12.15115 0 11.95477 -12.15115 4 11.99676 -12.16112 4 11.99676 -12.16112 0 12.03883 -12.1707 4 12.03883 -12.1707 0 12.08099 -12.17989 4 12.08099 -12.17989 0 12.12323 -12.18869 0 12.12323 -12.18869 4 12.16555 -12.1971 4 12.16555 -12.1971 0 12.20795 -12.20512 4 12.20795 -12.20512 0 12.25042 -12.21274 4 12.25042 -12.21274 0 12.29296 -12.21997 4 12.29296 -12.21997 0 12.33556 -12.22681 4 12.33556 -12.22681 0 12.37822 -12.23325 0 12.37822 -12.23325 4 12.42095 -12.23929 4 12.42095 -12.23929 0 12.46373 -12.24494 4 12.46373 -12.24494 0 12.50655 -12.25019 4 12.50655 -12.25019 0 12.54943 -12.25504 4 12.54943 -12.25504 0 12.59235 -12.2595 0 12.59235 -12.2595 4 12.6353 -12.26356 0 12.6353 -12.26356 4 12.6783 -12.26722 0 12.6783 -12.26722 4 12.72132 -12.27048 4 12.72132 -12.27048 0 12.76438 -12.27334 0 12.76438 -12.27334 4 12.80745 -12.2758 0 12.80745 -12.2758 4 12.85055 -12.27787 4 12.85055 -12.27787 0 12.89367 -12.27953 0 12.89367 -12.27953 4 12.9368 -12.2808 4 12.9368 -12.2808 0 12.97994 -12.28167 0 12.97994 -12.28167 4 13.02309 -12.28213 4 13.02309 -12.28213 0 13.06624 -12.2822 4 13.06624 -12.2822 0 13.10938 -12.28186 4 13.10938 -12.28186 0 13.15253 -12.28113 4 13.15253 -12.28113 0 13.19566 -12.27999 4 13.19566 -12.27999 0 13.23878 -12.27846 0 13.23878 -12.27846 4 13.28189 -12.27653 0 13.28189 -12.27653 4 13.32497 -12.2742 4 13.32497 -12.2742 0 13.36803 -12.27146 4 13.36803 -12.27146 0 13.41107 -12.26833 4 13.41107 -12.26833 0 13.45407 -12.2648 0 13.45407 -12.2648 4 13.49704 -12.26088 4 13.49704 -12.26088 0 13.53997 -12.25655 4 13.53997 -12.25655 0 13.58286 -12.25183 4 13.58286 -12.25183 0 13.62571 -12.24671 4 13.62571 -12.24671 0 13.6685 -12.24119 4 13.6685 -12.24119 0 13.71124 -12.23528 4 13.71124 -12.23528 0 13.75393 -12.22897 0 13.75393 -12.22897 4 13.79655 -12.22226 0 13.79655 -12.22226 4 13.83911 -12.21516 4 13.83911 -12.21516 0 13.88161 -12.20767 0 13.88161 -12.20767 4 13.92403 -12.19978 0 13.92403 -12.19978 4 13.96638 -12.1915 0 13.96638 -12.1915 4 14.00864 -12.18283 4 14.00864 -12.18283 0 14.05083 -12.17377 4 14.05083 -12.17377 0 14.09293 -12.16431 4 14.09293 -12.16431 0 14.13494 -12.15447 4 14.13494 -12.15447 0 14.17686 -12.14424 4 14.17686 -12.14424 0 14.21868 -12.13362 0 14.21868 -12.13362 4 14.2604 -12.12261 4 14.2604 -12.12261 0 14.30202 -12.11121 4 14.30202 -12.11121 0 14.34353 -12.09943 4 14.34353 -12.09943 0 14.38493 -12.08727 4 14.38493 -12.08727 0 14.42621 -12.07473 4 14.42621 -12.07473 0 14.46738 -12.0618 4 14.46738 -12.0618 0 14.50842 -12.04849 4 14.50842 -12.04849 0 14.54934 -12.0348 4 14.54934 -12.0348 0 14.59013 -12.02073 4 14.59013 -12.02073 0 14.63079 -12.00629 4 14.63079 -12.00629 0 14.67132 -11.99146 4 14.67132 -11.99146 0 14.7117 -11.97627 4 14.7117 -11.97627 0 14.75194 -11.9607 4 14.75194 -11.9607 0 14.79204 -11.94476 4 14.79204 -11.94476 0 14.83199 -11.92844 4 14.83199 -11.92844 0 14.87178 -11.91176 4 14.87178 -11.91176 0 14.91142 -11.89471 0 14.91142 -11.89471 4 14.95089 -11.87729 4 14.95089 -11.87729 0 14.99021 -11.85951 0 14.99021 -11.85951 4 15.02935 -11.84137 4 15.02935 -11.84137 0 15.06833 -11.82286 4 15.06833 -11.82286 0 15.10714 -11.80399 0 15.10714 -11.80399 4 15.14577 -11.78476 4 15.14577 -11.78476 0 15.18421 -11.76518 4 15.18421 -11.76518 0 15.22248 -11.74524 4 15.22248 -11.74524 0 15.26056 -11.72495 4 15.26056 -11.72495 0 15.29845 -11.7043 4 15.29845 -11.7043 0 15.33614 -11.6833 4 15.33614 -11.6833 0 15.37364 -11.66196 4 15.37364 -11.66196 0 15.41094 -11.64027 4 15.41094 -11.64027 0 15.44804 -11.61824 0 15.44804 -11.61824 4 15.48493 -11.59586 4 15.48493 -11.59586 0 15.52162 -11.57314 4 15.52162 -11.57314 0 15.55809 -11.55008 0 15.55809 -11.55008 4 15.59434 -11.52668 4 15.59434 -11.52668 0 15.63038 -11.50296 0 15.63038 -11.50296 4 15.6662 -11.47889 4 15.6662 -11.47889 0 15.70179 -11.4545 4 15.70179 -11.4545 0 15.73715 -11.42978 4 15.73715 -11.42978 0 15.77229 -11.40473 4 15.77229 -11.40473 0 15.80719 -11.37935 0 15.80719 -11.37935 4 15.84185 -11.35366 4 15.84185 -11.35366 0 15.87627 -11.32764 4 15.87627 -11.32764 0 15.91045 -11.30131 4 15.91045 -11.30131 0 15.94439 -11.27466 4 15.94439 -11.27466 0 15.97808 -11.24769 4 15.97808 -11.24769 0 16.01151 -11.22042 4 16.01151 -11.22042 0 16.04469 -11.19283 4 16.04469 -11.19283 0 16.07762 -11.16495 4 16.07762 -11.16495 0 16.11028 -11.13675 4 16.11028 -11.13675 0 16.14268 -11.10826 4 16.14268 -11.10826 0 16.17482 -11.07946 4 16.17482 -11.07946 0 16.20669 -11.05038 0 16.20669 -11.05038 4 16.23828 -11.02099 4 16.23828 -11.02099 0 16.26961 -10.99131 4 16.26961 -10.99131 0 16.30066 -10.96135 4 16.30066 -10.96135 0 16.33142 -10.9311 4 16.33142 -10.9311 0 16.36191 -10.90056 4 16.36191 -10.90056 0 16.39211 -10.86975 4 16.39211 -10.86975 0 16.42203 -10.83865 4 16.42203 -10.83865 0 16.45165 -10.80728 0 16.45165 -10.80728 4 16.48099 -10.77564 4 16.48099 -10.77564 0 16.51003 -10.74372 4 16.51003 -10.74372 0 16.53877 -10.71154 4 16.53877 -10.71154 0 16.56721 -10.67909 4 16.56721 -10.67909 0 16.59535 -10.64638 4 16.59535 -10.64638 0 16.62319 -10.61342 4 16.62319 -10.61342 0 16.65072 -10.58019 4 16.65072 -10.58019 0 16.67794 -10.54671 4 16.67794 -10.54671 0 16.70485 -10.51298 4 16.70485 -10.51298 0 16.73145 -10.479 4 16.73145 -10.479 0 16.75772 -10.44478 4 16.75772 -10.44478 0 16.78369 -10.41032 4 16.78369 -10.41032 0 16.80933 -10.37561 4 16.80933 -10.37561 0 16.83464 -10.34067 0 16.83464 -10.34067 4 16.85964 -10.3055 4 16.85964 -10.3055 0 16.8843 -10.2701 4 16.8843 -10.2701 0 16.90864 -10.23447 4 16.90864 -10.23447 0 16.93265 -10.19861 4 16.93265 -10.19861 0 16.95632 -10.16254 0 16.95632 -10.16254 4 16.97966 -10.12624 4 16.97966 -10.12624 0 17.00266 -10.08974 4 17.00266 -10.08974 0 17.02532 -10.05302 4 17.02532 -10.05302 0 17.04764 -10.01609 4 17.04764 -10.01609 0 17.06961 -9.978955 0 17.06961 -9.978955 4 17.09124 -9.94162 4 17.09124 -9.94162 0 17.11253 -9.904086 4 17.11253 -9.904086 0 17.13346 -9.866356 4 17.13346 -9.866356 0 17.15405 -9.828435 4 17.15405 -9.828435 0 17.17428 -9.790323 4 17.17428 -9.790323 0 17.19416 -9.752026 4 17.19416 -9.752026 0 17.21368 -9.713547 0 17.21368 -9.713547 4 17.23285 -9.674888 4 17.23285 -9.674888 0 17.25165 -9.636053 4 17.25165 -9.636053 0 17.2701 -9.597046 0 17.2701 -9.597046 4 17.28818 -9.557869 4 17.28818 -9.557869 0 17.3059 -9.518526 4 17.3059 -9.518526 0 17.32326 -9.479021 4 17.32326 -9.479021 0 17.34024 -9.439357 4 17.34024 -9.439357 0 17.35686 -9.399537 0 17.35686 -9.399537 4 17.37311 -9.359565 4 17.37311 -9.359565 0 17.38899 -9.319444 4 17.38899 -9.319444 0 17.4045 -9.279178 4 17.4045 -9.279178 0 17.41963 -9.238769 0 17.41963 -9.238769 4 17.43438 -9.198222 4 17.43438 -9.198222 0 17.44876 -9.15754 4 17.44876 -9.15754 0 17.46277 -9.116727 0 17.46277 -9.116727 4 17.47639 -9.075785 4 17.47639 -9.075785 0 17.48963 -9.034719 4 17.48963 -9.034719 0 17.5025 -8.993532 4 17.5025 -8.993532 0 17.51498 -8.952228 4 17.51498 -8.952228 0 17.52707 -8.91081 0 17.52707 -8.91081 4 17.53879 -8.869281 4 17.53879 -8.869281 0 17.55012 -8.827646 4 17.55012 -8.827646 0 17.56106 -8.785907 4 17.56106 -8.785907 0 17.57161 -8.744068 4 17.57161 -8.744068 0 17.58178 -8.702135 4 17.58178 -8.702135 0 17.59155 -8.660108 4 17.59155 -8.660108 0 17.60094 -8.617992 4 17.60094 -8.617992 0 17.60994 -8.575792 4 17.60994 -8.575792 0 17.61854 -8.53351 4 17.61854 -8.53351 0 17.62675 -8.49115 4 17.62675 -8.49115 0 17.63457 -8.448716 4 17.63457 -8.448716 0 17.642 -8.406211 4 17.642 -8.406211 0 17.64903 -8.363639 4 17.64903 -8.363639 0 17.65567 -8.321004 4 17.65567 -8.321004 0 17.66191 -8.278309 0 17.66191 -8.278309 4 17.66775 -8.235558 4 17.66775 -8.235558 0 17.6732 -8.192754 0 17.6732 -8.192754 4 17.67825 -8.149902 4 17.67825 -8.149902 0 17.68291 -8.107005 0 17.68291 -8.107005 4 17.68717 -8.064067 4 17.68717 -8.064067 0 17.69103 -8.021091 4 17.69103 -8.021091 0 17.69449 -7.978082 0 17.69449 -7.978082 4 17.69755 -7.935042 4 17.69755 -7.935042 0 17.70021 -7.891975 0 17.70021 -7.891975 4 17.70247 -7.848886 0 17.70247 -7.848886 4 17.70434 -7.805777 4 17.70434 -7.805777 0 17.7058 -7.762653 0 17.7058 -7.762653 4 17.70687 -7.719518 4 17.70687 -7.719518 0 17.70753 -7.676374 0 17.70753 -7.676374 4 17.7078 -7.633226 4 17.7078 -7.633226 0 17.70766 -7.590078 4 17.70766 -7.590078 0 17.70713 -7.546932 4 17.70713 -7.546932 0 17.7062 -7.503793 4 17.7062 -7.503793 0 17.70486 -7.460666 4 17.70486 -7.460666 0 17.70313 -7.417552 4 17.70313 -7.417552 0 17.701 -7.374456 4 17.701 -7.374456 0 17.69846 -7.331381 0 17.69846 -7.331381 4 17.69553 -7.288332 4 17.69553 -7.288332 0 17.6922 -7.245312 4 17.6922 -7.245312 0 17.68847 -7.202325 4 17.68847 -7.202325 0 17.68435 -7.159374 4 17.68435 -7.159374 0 17.67982 -7.116463 4 17.67982 -7.116463 0 17.6749 -7.073596 4 17.6749 -7.073596 0 17.66958 -7.030776 4 17.66958 -7.030776 0 17.66386 -6.988008 4 17.66386 -6.988008 0 17.65775 -6.945294 0 17.65775 -6.945294 4 17.65124 -6.902639 4 17.65124 -6.902639 0 17.64434 -6.860046 4 17.64434 -6.860046 0 17.63704 -6.817519 0 17.63704 -6.817519 4 17.62935 -6.775061 4 17.62935 -6.775061 0 17.62127 -6.732676 4 17.62127 -6.732676 0 17.61279 -6.690368 0 17.61279 -6.690368 4 17.60393 -6.64814 4 17.60393 -6.64814 0 17.59467 -6.605997 0 17.59467 -6.605997 4 17.58502 -6.56394 4 17.58502 -6.56394 0 17.57498 -6.521976 4 17.57498 -6.521976 0 17.56455 -6.480106 4 17.56455 -6.480106 0 17.55374 -6.438334 4 17.55374 -6.438334 0 17.54254 -6.396665 4 17.54254 -6.396665 0 17.53095 -6.355101 4 17.53095 -6.355101 0 17.51898 -6.313646 4 17.51898 -6.313646 0 17.50662 -6.272304 4 17.50662 -6.272304 0 17.49389 -6.231078 4 17.49389 -6.231078 0 17.48077 -6.189972 0 17.48077 -6.189972 4 17.46727 -6.14899 4 17.46727 -6.14899 0 17.45339 -6.108134 4 17.45339 -6.108134 0 17.43913 -6.067408 4 17.43913 -6.067408 0 17.4245 -6.026817 4 17.4245 -6.026817 0 17.40949 -5.986363 0 17.40949 -5.986363 4 17.39411 -5.946049 4 17.39411 -5.946049 0 17.37835 -5.90588 0 17.37835 -5.90588 4 17.36222 -5.865859 4 17.36222 -5.865859 0 17.34572 -5.825989 0 17.34572 -5.825989 4 17.32886 -5.786273 4 17.32886 -5.786273 0 17.31162 -5.746716 4 17.31162 -5.746716 0 17.29402 -5.70732 0 17.29402 -5.70732 4 17.27606 -5.668088 0 17.27606 -5.668088 4 17.25773 -5.629025 0 17.25773 -5.629025 4 17.23904 -5.590133 4 17.23904 -5.590133 0 17.21999 -5.551417 4 17.21999 -5.551417 0 17.20059 -5.512878 4 17.20059 -5.512878 0 17.18083 -5.474521 0 17.18083 -5.474521 4 17.16071 -5.436349 0 17.16071 -5.436349 4 17.14024 -5.398364 4 17.14024 -5.398364 0 17.11942 -5.360572 4 17.11942 -5.360572 0 17.09825 -5.322973 4 17.09825 -5.322973 0 17.07673 -5.285573 4 17.07673 -5.285573 0 17.05487 -5.248373 4 17.05487 -5.248373 0 17.03266 -5.211378 4 17.03266 -5.211378 0 17.01011 -5.17459 4 17.01011 -5.17459 0 16.98722 -5.138013 4 16.98722 -5.138013 0 16.96399 -5.101649 4 16.96399 -5.101649 0 16.94043 -5.065502 4 16.94043 -5.065502 0 16.91653 -5.029575 4 16.91653 -5.029575 0 16.8923 -4.993871 4 16.8923 -4.993871 0 16.86775 -4.958393 4 16.86775 -4.958393 0 16.84286 -4.923144 0 16.84286 -4.923144 4 16.81765 -4.888127 4 16.81765 -4.888127 0 16.79211 -4.853346 4 16.79211 -4.853346 0 16.76626 -4.818803 0 16.76626 -4.818803 4 16.74008 -4.7845 4 16.74008 -4.7845 0 16.71359 -4.750442 0 16.71359 -4.750442 4 16.68678 -4.716631 4 16.68678 -4.716631 0 16.65966 -4.683069 4 16.65966 -4.683069 0 16.63223 -4.649761 4 16.63223 -4.649761 0 16.6045 -4.616708 4 16.6045 -4.616708 0 16.57646 -4.583913 4 16.57646 -4.583913 0 16.54811 -4.55138 4 16.54811 -4.55138 0 16.51946 -4.519111 4 16.51946 -4.519111 0 16.49052 -4.487108 4 16.49052 -4.487108 0 16.46129 -4.455375 0 16.46129 -4.455375 4 16.43175 -4.423915 4 16.43175 -4.423915 0 16.40193 -4.392729 4 16.40193 -4.392729 0 16.37183 -4.361822 4 16.37183 -4.361822 0 16.34143 -4.331194 4 16.34143 -4.331194 0 16.31075 -4.30085 4 16.31075 -4.30085 0 16.2798 -4.270791 4 16.2798 -4.270791 0 16.24857 -4.241021 0 16.24857 -4.241021 4 16.21706 -4.211541 4 16.21706 -4.211541 0 16.18528 -4.182354 4 16.18528 -4.182354 0 16.15323 -4.153463 4 16.15323 -4.153463 0 16.12091 -4.12487 0 16.12091 -4.12487 4 16.08833 -4.096578 4 16.08833 -4.096578 0 16.0555 -4.068589 4 16.0555 -4.068589 0 16.0224 -4.040906 4 16.0224 -4.040906 0 15.98905 -4.013531 0 15.98905 -4.013531 4 15.95544 -3.986465 4 15.95544 -3.986465 0 15.92159 -3.959713 4 15.92159 -3.959713 0 15.88749 -3.933275 4 15.88749 -3.933275 0 15.85314 -3.907155 4 15.85314 -3.907155 0 15.81856 -3.881353 4 15.81856 -3.881353 0 15.78373 -3.855874 4 15.78373 -3.855874 0 15.74868 -3.830718 4 15.74868 -3.830718 0 15.71339 -3.805888 4 15.71339 -3.805888 0 15.67787 -3.781386 4 15.67787 -3.781386 0 15.64213 -3.757215 4 15.64213 -3.757215 0 15.60616 -3.733376 4 15.60616 -3.733376 0 15.56998 -3.709871 0 15.56998 -3.709871 4 15.53358 -3.686702 4 15.53358 -3.686702 0 15.49696 -3.663872 0 15.49696 -3.663872 4 15.46014 -3.641382 4 15.46014 -3.641382 0 15.42311 -3.619234 4 15.42311 -3.619234 0 15.38587 -3.59743 0 15.38587 -3.59743 4 15.34844 -3.575973 4 15.34844 -3.575973 0 15.31081 -3.554863 4 15.31081 -3.554863 0 15.27298 -3.534103 4 15.27298 -3.534103 0 15.23496 -3.513694 4 15.23496 -3.513694 0 15.19676 -3.493639 4 15.19676 -3.493639 0 15.15837 -3.473938 4 15.15837 -3.473938 0 15.1198 -3.454594 4 15.1198 -3.454594 0 15.08105 -3.435608 4 15.08105 -3.435608 0 15.04213 -3.416982 4 15.04213 -3.416982 0 15.00304 -3.398718 4 15.00304 -3.398718 0 14.96378 -3.380817 0 14.96378 -3.380817 4 14.92435 -3.36328 0 14.92435 -3.36328 4 14.88477 -3.346109 4 14.88477 -3.346109 0 14.84503 -3.329306 4 14.84503 -3.329306 0 14.80513 -3.312872 4 14.80513 -3.312872 0 14.76508 -3.296809 0 14.76508 -3.296809 4 14.72489 -3.281117 4 14.72489 -3.281117 0 14.68455 -3.265798 0 14.68455 -3.265798 4 14.64407 -3.250854 4 14.64407 -3.250854 0 14.60346 -3.236286 0 14.60346 -3.236286 4 14.56271 -3.222094 4 14.56271 -3.222094 0 14.52183 -3.208281 4 14.52183 -3.208281 0 14.48083 -3.194848 4 14.48083 -3.194848 0 14.4397 -3.181795 4 14.4397 -3.181795 0 14.39845 -3.169123 0 14.39845 -3.169123 4 14.35709 -3.156834 4 14.35709 -3.156834 0 14.31562 -3.14493 4 14.31562 -3.14493 0 14.27403 -3.13341 4 14.27403 -3.13341 0 14.23235 -3.122275 0 14.23235 -3.122275 4 14.19056 -3.111528 4 14.19056 -3.111528 0 14.14867 -3.101168 4 14.14867 -3.101168 0 14.10669 -3.091198 4 14.10669 -3.091198 0 14.06462 -3.081616 4 14.06462 -3.081616 0 14.02246 -3.072425 0 14.02246 -3.072425 4 13.98022 -3.063625 4 13.98022 -3.063625 0 13.9379 -3.055216 0 13.9379 -3.055216 4 13.8955 -3.0472 0 13.8955 -3.0472 4 13.85303 -3.039578 0 13.85303 -3.039578 4 13.81049 -3.032349 4 13.81049 -3.032349 0 13.76789 -3.025515 4 13.76789 -3.025515 0 13.72522 -3.019076 4 13.72522 -3.019076 0 13.6825 -3.013033 4 13.6825 -3.013033 0 13.63972 -3.007386 0 13.63972 -3.007386 4 13.59689 -3.002135 4 13.59689 -3.002135 0 13.55402 -2.997282 4 13.55402 -2.997282 0 13.5111 -2.992826 4 13.5111 -2.992826 0 13.46814 -2.988769 4 13.46814 -2.988769 0 13.42515 -2.985109 0 13.42515 -2.985109 4 13.38212 -2.981848 4 13.38212 -2.981848 0 13.33907 -2.978986 4 13.33907 -2.978986 0 13.29599 -2.976523 4 13.29599 -2.976523 0 13.25289 -2.974459 0 13.25289 -2.974459 4 13.20977 -2.972795 4 13.20977 -2.972795 0 13.16664 -2.97153 4 13.16664 -2.97153 0 13.1235 -2.970665 0 13.1235 -2.970665 4 13.08036 -2.9702 4 13.08036 -2.9702 0 13.03721 -2.970135 0 13.03721 -2.970135 4 12.99406 -2.97047 4 12.99406 -2.97047 0 12.95092 -2.971204 4 12.95092 -2.971204 0 12.90779 -2.972339 4 12.90779 -2.972339 0 12.86466 -2.973873 4 12.86466 -2.973873 0 12.82156 -2.975806 0 12.82156 -2.975806 4 12.77847 -2.978139 4 12.77847 -2.978139 0 12.73541 -2.980871 4 12.73541 -2.980871 0 12.69238 -2.984002 4 12.69238 -2.984002 0 12.64937 -2.987532 0 12.64937 -2.987532 4 12.6064 -2.99146 4 12.6064 -2.99146 0 12.56347 -2.995786 4 12.56347 -2.995786 0 12.52058 -3.00051 4 12.52058 -3.00051 0 12.47774 -3.005631 4 12.47774 -3.005631 0 8 1 0 8 1 4 3 1 0 3 1 4 3 3 0 3 3 4 4 3 0 4 3 4 4 2 0 4 2 4 -2 -3 0 3 -4 0 -3 -4 0 -3 4 0 -2 3 0 3 4 0 3 -4 4 -2 -3 4 -3 -4 4 -2 3 4 -3 4 4 3 4 4</float_array>
          <technique_common>
            <accessor count="1860" source="#cubeverts-array0-array" stride="3">
              <param type="float" name="X"/>
              <param type="float" name="Y"/>
              <param type="float" name="Z"/>
            </accessor>
          </technique_common>
        </source>
        <source id="cubenormals-array0">
          <float_array count="11160" id="cubenormals-array0-array">0 -1 -0 -0 -1 0 1 0 0 1 0 0 0 -1 -0 -0 -1 0 -1 0 0 -1 0 0 0 1 0 -0 1 0 0.8682432 0.496139 0 0.8682432 0.496139 0 0.7071068 -0.7071068 0 0.7071068 -0.7071068 0 0.9153498 0.4026594 -0 0.9153498 0.4026594 0 0.9110879 0.412212 -0 0.9110879 0.412212 0 0.9066942 0.4217887 -0 0.9022259 0.4312638 -0 0.9066942 0.4217887 0 0.8976493 0.4407104 -0 0.9022259 0.4312638 0 0.8976493 0.4407104 0 0.8929588 0.4501385 -0 0.8929588 0.4501385 0 0.8882006 0.4594557 -0 0.8882006 0.4594557 0 0.8833284 0.4687547 -0 0.8833284 0.4687547 0 0.8783466 0.4780243 -0 0.8732826 0.4872141 -0 0.8783466 0.4780243 0 0.8681198 0.4963546 -0 0.8732826 0.4872141 0 0.8628694 0.5054269 -0 0.8681198 0.4963546 0 0.8575088 0.5144693 -0 0.8628694 0.5054269 0 0.8520627 0.5234396 -0 0.8575088 0.5144693 0 0.8465148 0.532365 -0 0.8520627 0.5234396 0 0.8408822 0.5412182 -0 0.8465148 0.532365 0 0.8351501 0.550022 -0 0.8408822 0.5412182 0 0.8293502 0.5587291 -0 0.8351501 0.550022 0 0.8234188 0.5674341 -0 0.8293502 0.5587291 0 0.8174195 0.5760428 -0 0.8234188 0.5674341 0 0.8113287 0.5845901 -0 0.8174195 0.5760428 0 0.8051469 0.5930756 -0 0.8113287 0.5845901 0 0.79888 0.6014904 -0 0.8051469 0.5930756 0 0.7925189 0.6098472 -0 0.79888 0.6014904 0 0.7860724 0.6181345 -0 0.7925189 0.6098472 0 0.7795317 0.6263627 -0 0.7860724 0.6181345 0 0.7729255 0.6344969 -0 0.7795317 0.6263627 0 0.7662201 0.6425782 -0 0.7729255 0.6344969 0 0.7594215 0.6505989 -0 0.7662201 0.6425782 0 0.7525592 0.6585246 -0 0.7594215 0.6505989 0 0.7525592 0.6585246 0 0.7456046 0.6663888 -0 0.7456046 0.6663888 0 0.7385617 0.674186 -0 0.7385617 0.674186 0 0.7314394 0.6819064 -0 0.7314394 0.6819064 0 0.7242522 0.6895353 -0 0.7242522 0.6895353 0 0.7169617 0.6971125 -0 0.7169617 0.6971125 0 0.7096188 0.7045859 -0 0.7021853 0.7119942 -0 0.7096188 0.7045859 0 0.6946477 0.7193501 -0 0.7021853 0.7119942 0 0.6870713 0.72659 -0 0.6946477 0.7193501 0 0.6794173 0.7337521 -0 0.6870713 0.72659 0 0.6716587 0.7408608 -0 0.6794173 0.7337521 0 0.6638489 0.7478667 -0 0.6716587 0.7408608 0 0.6559593 0.7547961 -0 0.6638489 0.7478667 0 0.6480084 0.7616333 -0 0.6559593 0.7547961 0 0.6399646 0.7684044 -0 0.6480084 0.7616333 0 0.6318679 0.7750762 -0 0.6399646 0.7684044 0 0.6236956 0.7816674 -0 0.6318679 0.7750762 0 0.6154577 0.78817 -0 0.6236956 0.7816674 0 0.6071413 0.794594 -0 0.6154577 0.78817 0 0.5987791 0.8009142 -0 0.6071413 0.794594 0 0.5903178 0.8071709 -0 0.5987791 0.8009142 0 0.5818404 0.8133029 -0 0.5903178 0.8071709 0 0.5732383 0.8193887 -0 0.5818404 0.8133029 0 0.5646333 0.8253419 -0 0.5732383 0.8193887 0 0.5559322 0.8312277 -0 0.5646333 0.8253419 0 0.5559322 0.8312277 0 0.5471518 0.8370334 -0 0.5471518 0.8370334 0 0.5383583 0.842716 -0 0.5383583 0.842716 0 0.529461 0.8483343 -0 0.529461 0.8483343 0 0.5205513 0.8538304 -0 0.5205513 0.8538304 0 0.5115322 0.8592641 -0 0.5115322 0.8592641 0 0.5024942 0.8645806 -0 0.5024942 0.8645806 0 0.4934071 0.8697985 -0 0.4934071 0.8697985 0 0.4842295 0.874941 -0 0.4842295 0.874941 0 0.4750244 0.8799726 -0 0.4750244 0.8799726 0 0.4657485 0.8849171 -0 0.4657485 0.8849171 0 0.4564543 0.8897469 -0 0.4564543 0.8897469 0 0.4470595 0.8945042 -0 0.4470595 0.8945042 0 0.4376773 0.8991321 -0 0.4376773 0.8991321 0 0.4281835 0.9036919 -0 0.4281835 0.9036919 0 0.418682 0.908133 -0 0.418682 0.908133 0 0.4091311 0.9124756 -0 0.3995306 0.9167199 -0 0.4091311 0.9124756 0 0.389893 0.9208602 -0 0.3995306 0.9167199 0 0.3801931 0.9249071 -0 0.389893 0.9208602 0 0.3704563 0.9288499 -0 0.3801931 0.9249071 0 0.3607009 0.9326816 -0 0.3704563 0.9288499 0 0.3508645 0.9364262 -0 0.3607009 0.9326816 0 0.3410317 0.9400519 -0 0.3508645 0.9364262 0 0.3311407 0.9435814 -0 0.3410317 0.9400519 0 0.3212075 0.9470088 -0 0.3311407 0.9435814 0 0.3212075 0.9470088 0 0.3112701 0.9503215 -0 0.3112701 0.9503215 0 0.3012592 0.9535423 -0 0.3012592 0.9535423 0 0.2912372 0.9566509 -0 0.2912372 0.9566509 0 0.2811791 0.9596553 -0 0.2811791 0.9596553 0 0.2710802 0.9625568 -0 0.2710802 0.9625568 0 0.2609679 0.9653475 -0 0.2609679 0.9653475 0 0.2508222 0.9680332 -0 0.2508222 0.9680332 0 0.2406319 0.9706165 -0 0.2406319 0.9706165 0 0.2304389 0.9730868 -0 0.2304389 0.9730868 0 0.2202136 0.9754516 -0 0.2202136 0.9754516 0 0.2099429 0.9777136 -0 0.2099429 0.9777136 0 0.1996999 0.979857 -0 0.1996999 0.979857 0 0.189376 0.9819046 -0 0.189376 0.9819046 0 0.1790549 0.9838391 -0 0.1790549 0.9838391 0 0.1687279 0.9856627 -0 0.1687279 0.9856627 0 0.1583831 0.9873777 -0 0.1583831 0.9873777 0 0.1479826 0.9889899 0 0.1479826 0.9889899 0 0.1376097 0.9904865 -0 0.1376097 0.9904865 0 0.127185 0.991879 -0 0.127185 0.991879 0 0.1167846 0.9931573 0 0.1167846 0.9931573 0 0.1063581 0.9943278 -0 0.1063581 0.9943278 0 0.09588268 0.9953926 -0 0.09588268 0.9953926 0 0.08545504 0.9963421 0 0.08545504 0.9963421 0 0.07498018 0.9971851 -0 0.06450437 0.9979175 -0 0.07498018 0.9971851 0 0.05402647 0.9985396 -0 0.06450437 0.9979175 0 0.05402647 0.9985396 0 0.04354977 0.9990513 -0 0.04354977 0.9990513 0 0.03304807 0.9994538 0 0.03304807 0.9994538 0 0.02254525 0.9997458 -0 0.02254525 0.9997458 0 0.01206866 0.9999272 -0 0.01206866 0.9999272 0 0.00156639 0.9999987 0 -0.00893578 0.9999601 0 0.00156639 0.9999987 0 -0.00893578 0.9999601 0 -0.01943849 0.999811 0 -0.02994084 0.9995517 0 -0.01943849 0.999811 0 -0.04041719 0.9991829 0 -0.02994084 0.9995517 0 -0.05089429 0.9987041 0 -0.04041719 0.9991829 0 -0.05089429 0.9987041 0 -0.06139669 0.9981135 0 -0.07187296 0.9974138 0 -0.06139669 0.9981135 0 -0.07187296 0.9974138 0 -0.08232294 0.9966057 0 -0.09280217 0.9956846 0 -0.08232294 0.9966057 0 -0.103225 0.9946581 0 -0.09280217 0.9956846 0 -0.103225 0.9946581 0 -0.1136777 0.9935177 0 -0.1241011 0.9922695 0 -0.1136777 0.9935177 0 -0.1241011 0.9922695 0 -0.1345013 0.9909134 0 -0.1345013 0.9909134 0 -0.144904 0.9894457 0 -0.155298 0.9878677 0 -0.144904 0.9894457 0 -0.155298 0.9878677 0 -0.1656273 0.9861884 0 -0.1759968 0.9843908 0 -0.1656273 0.9861884 0 -0.1759968 0.9843908 0 -0.1863191 0.9824893 0 -0.1863191 0.9824893 0 -0.1966198 0.9804798 0 -0.2069137 0.9783593 0 -0.1966198 0.9804798 0 -0.2069137 0.9783593 0 -0.2171561 0.9761369 0 -0.2171561 0.9761369 0 -0.227383 0.9738054 0 -0.227383 0.9738054 0 -0.2376265 0.9713566 0 -0.2376265 0.9713566 0 -0.2477884 0.9688141 0 -0.2477884 0.9688141 0 -0.2579423 0.9661604 0 -0.2579423 0.9661604 0 -0.2680742 0.9633982 0 -0.2680742 0.9633982 0 -0.2781753 0.9605303 0 -0.2882594 0.9575524 0 -0.2781753 0.9605303 0 -0.2882594 0.9575524 0 -0.2982765 0.9544796 0 -0.2982765 0.9544796 0 -0.3082899 0.9512925 0 -0.3082899 0.9512925 0 -0.3182608 0.9480032 0 -0.3182608 0.9480032 0 -0.328189 0.9446121 0 -0.328189 0.9446121 0 -0.3380829 0.9411164 0 -0.3479557 0.937511 0 -0.3380829 0.9411164 0 -0.3479557 0.937511 0 -0.3577726 0.9338087 0 -0.3577726 0.9338087 0 -0.3675623 0.9299989 0 -0.3675623 0.9299989 0 -0.3772846 0.9260973 0 -0.3772846 0.9260973 0 -0.387019 0.9220718 0 -0.387019 0.9220718 0 -0.3966509 0.9179695 0 -0.3966509 0.9179695 0 -0.4062862 0.9137459 0 -0.4062862 0.9137459 0 -0.4158526 0.909432 0 -0.425358 0.9050252 0 -0.4158526 0.909432 0 -0.4348561 0.9005 0 -0.425358 0.9050252 0 -0.4348561 0.9005 0 -0.4442839 0.8958861 0 -0.4442839 0.8958861 0 -0.4536626 0.8911735 0 -0.4536626 0.8911735 0 -0.4629915 0.8863627 0 -0.4629915 0.8863627 0 -0.472272 0.8814529 0 -0.472272 0.8814529 0 -0.4814929 0.87645 0 -0.4814929 0.87645 0 -0.4906648 0.8713484 0 -0.4906648 0.8713484 0 -0.4997958 0.8661433 0 -0.4997958 0.8661433 0 -0.5088582 0.8608503 0 -0.5088582 0.8608503 0 -0.5178828 0.8554515 0 -0.5178828 0.8554515 0 -0.5268054 0.849986 0 -0.5268054 0.849986 0 -0.5357202 0.8443955 0 -0.5357202 0.8443955 0 -0.544556 0.8387246 0 -0.544556 0.8387246 0 -0.5533246 0.8329657 0 -0.5533246 0.8329657 0 -0.5620382 0.8271113 0 -0.5620382 0.8271113 0 -0.5706965 0.821161 0 -0.5706965 0.821161 0 -0.5792763 0.8151313 0 -0.5792763 0.8151313 0 -0.5878114 0.8089981 0 -0.5878114 0.8089981 0 -0.5962588 0.8027923 0 -0.5962588 0.8027923 0 -0.6046652 0.7964798 0 -0.6129891 0.7900914 0 -0.6046652 0.7964798 0 -0.6129891 0.7900914 0 -0.6212506 0.7836119 0 -0.6212506 0.7836119 0 -0.6294464 0.7770439 0 -0.6294464 0.7770439 0 -0.637564 0.7703974 0 -0.637564 0.7703974 0 -0.6456187 0.76366 0 -0.6456187 0.76366 0 -0.6536078 0.7568334 0 -0.6536078 0.7568334 0 -0.6615044 0.7499412 0 -0.6615044 0.7499412 0 -0.6693519 0.7429454 0 -0.6771072 0.7358845 0 -0.6693519 0.7429454 0 -0.6771072 0.7358845 0 -0.6847982 0.7287327 0 -0.6847982 0.7287327 0 -0.6924105 0.7215039 0 -0.6924105 0.7215039 0 -0.6999451 0.7141966 0 -0.6999451 0.7141966 0 -0.7074021 0.7068114 0 -0.7074021 0.7068114 0 -0.7147936 0.6993356 0 -0.7147936 0.6993356 0 -0.7220823 0.6918072 0 -0.7220823 0.6918072 0 -0.7293298 0.6841623 0 -0.7293298 0.6841623 0 -0.7364503 0.6764917 0 -0.7364503 0.6764917 0 -0.7435048 0.6687306 0 -0.7435048 0.6687306 0 -0.7505067 0.6608629 0 -0.7505067 0.6608629 0 -0.757392 0.6529605 0 -0.757392 0.6529605 0 -0.7642009 0.6449783 0 -0.7642009 0.6449783 0 -0.7709442 0.6369027 0 -0.7709442 0.6369027 0 -0.7775713 0.6287948 0 -0.7775713 0.6287948 0 -0.7841349 0.6205904 0 -0.7841349 0.6205904 0 -0.7906074 0.6123233 0 -0.7906074 0.6123233 0 -0.7970011 0.6039778 0 -0.7970011 0.6039778 0 -0.8032942 0.5955824 0 -0.8032942 0.5955824 0 -0.809496 0.5871254 0 -0.809496 0.5871254 0 -0.8156099 0.5786021 0 -0.8156099 0.5786021 0 -0.8216566 0.5699829 0 -0.8216566 0.5699829 0 -0.8275793 0.5613488 0 -0.8275793 0.5613488 0 -0.8334343 0.5526186 0 -0.8391896 0.5438389 0 -0.8334343 0.5526186 0 -0.8391896 0.5438389 0 -0.8448531 0.5349983 0 -0.8448531 0.5349983 0 -0.8504288 0.5260903 0 -0.8504288 0.5260903 0 -0.8558868 0.517163 0 -0.8558868 0.517163 0 -0.8612893 0.5081149 0 -0.8612893 0.5081149 0 -0.8665679 0.4990591 0 -0.8665679 0.4990591 0 -0.8717607 0.4899321 0 -0.8717607 0.4899321 0 -0.8768483 0.480767 0 -0.8768483 0.480767 0 -0.8818591 0.4715129 0 -0.8818591 0.4715129 0 -0.8867505 0.4622483 0 -0.8867505 0.4622483 0 -0.8915535 0.4529153 0 -0.8915535 0.4529153 0 -0.8962684 0.4435121 0 -0.8962684 0.4435121 0 -0.9008693 0.4340905 0 -0.9008693 0.4340905 0 -0.9053766 0.4246095 0 -0.9053766 0.4246095 0 -0.9097905 0.4150678 0 -0.9097905 0.4150678 0 -0.9140952 0.4054999 0 -0.9140952 0.4054999 0 -0.9183022 0.3958801 0 -0.9224017 0.3862321 0 -0.9183022 0.3958801 0 -0.9224017 0.3862321 0 -0.9264101 0.3765162 0 -0.9264101 0.3765162 0 -0.9303157 0.3667596 0 -0.9303157 0.3667596 0 -0.9341052 0.3569978 0 -0.9341052 0.3569978 0 -0.9378098 0.3471496 0 -0.9378098 0.3471496 0 -0.9413964 0.3373024 0 -0.9413964 0.3373024 0 -0.9448941 0.327376 0 -0.9448941 0.327376 0 -0.9482742 0.3174523 0 -0.9482742 0.3174523 0 -0.9515499 0.3074941 0 -0.9515499 0.3074941 0 -0.9547337 0.297462 0 -0.9547337 0.297462 0 -0.9578001 0.287435 0 -0.9578001 0.287435 0 -0.9607606 0.277379 0 -0.9607606 0.277379 0 -0.9636249 0.2672585 0 -0.9636249 0.2672585 0 -0.9663754 0.2571352 0 -0.9663754 0.2571352 0 -0.9690221 0.2469739 0 -0.9690221 0.2469739 0 -0.9715635 0.2367794 0 -0.9715635 0.2367794 0 -0.9739976 0.2265582 0 -0.9739976 0.2265582 0 -0.9763179 0.2163404 0 -0.9763179 0.2163404 0 -0.9785381 0.2060661 0 -0.9785381 0.2060661 0 -0.9806448 0.1957951 0 -0.9806448 0.1957951 0 -0.9826447 0.1854977 0 -0.9826447 0.1854977 0 -0.9845415 0.1751511 0 -0.9845415 0.1751511 0 -0.9863269 0.1648008 0 -0.9863269 0.1648008 0 -0.9880002 0.1544533 0 -0.9880002 0.1544533 0 -0.9895695 0.144056 0 -0.9895695 0.144056 0 -0.9910247 0.133679 0 -0.9910247 0.133679 0 -0.992375 0.1232557 0 -0.992375 0.1232557 0 -0.9936144 0.1128296 0 -0.9936144 0.1128296 0 -0.9947429 0.1024042 0 -0.9957633 0.09195375 0 -0.9947429 0.1024042 0 -0.9957633 0.09195375 0 -0.9966753 0.08147602 0 -0.9966753 0.08147602 0 -0.9974744 0.07102624 0 -0.9974744 0.07102624 0 -0.9981652 0.06054856 0 -0.9981652 0.06054856 0 -0.9987469 0.05004648 0 -0.9992158 0.03959578 0 -0.9987469 0.05004648 0 -0.9992158 0.03959578 0 -0.9995775 0.02906778 0 -0.9995775 0.02906778 0 -0.9998271 0.01859093 0 -0.9998271 0.01859093 0 -0.9999673 0.008088585 0 -0.9999673 0.008088585 0 -0.9999971 -0.002413746 -0 -0.9999971 -0.002413746 0 -0.9999166 -0.01291607 -0 -0.9999166 -0.01291607 0 -0.9997264 -0.02339277 -0 -0.9997264 -0.02339277 0 -0.9994254 -0.03389493 -0 -0.9994254 -0.03389493 0 -0.999014 -0.04439777 -0 -0.999014 -0.04439777 0 -0.9984933 -0.05487412 -0 -0.9984933 -0.05487412 0 -0.9978623 -0.06535067 -0 -0.9978623 -0.06535067 0 -0.9971209 -0.07582756 -0 -0.9971209 -0.07582756 0 -0.996271 -0.08627835 -0 -0.996271 -0.08627835 0 -0.9953082 -0.09675502 -0 -0.9953082 -0.09675502 0 -0.9942394 -0.1071814 -0 -0.9942394 -0.1071814 0 -0.9930605 -0.1176055 -0 -0.9930605 -0.1176055 0 -0.9917669 -0.1280569 0 -0.9917669 -0.1280569 -0 -0.9903723 -0.1384297 0 -0.9888628 -0.1488301 0 -0.9903723 -0.1384297 -0 -0.9888628 -0.1488301 0 -0.9872457 -0.1592042 0 -0.9872457 -0.1592042 -0 -0.9855209 -0.1695539 0 -0.9855209 -0.1695539 -0 -0.983685 -0.1798999 0 -0.983685 -0.1798999 -0 -0.9817408 -0.1902239 0 -0.9817408 -0.1902239 -0 -0.9796898 -0.2005189 0 -0.9796898 -0.2005189 -0 -0.9775361 -0.2107679 0 -0.9775361 -0.2107679 -0 -0.9752654 -0.2210367 0 -0.9752654 -0.2210367 -0 -0.9728869 -0.2312815 -0 -0.9728869 -0.2312815 0 -0.9704122 -0.2414539 -0 -0.9704122 -0.2414539 0 -0.9678204 -0.251642 -0 -0.9678204 -0.251642 0 -0.9651318 -0.2617646 -0 -0.9651318 -0.2617646 0 -0.9623241 -0.2719051 0 -0.9623241 -0.2719051 0 -0.959415 -0.2819981 0 -0.959415 -0.2819981 0 -0.956407 -0.2920372 -0 -0.956407 -0.2920372 0 -0.9532838 -0.3020763 -0 -0.9532838 -0.3020763 0 -0.9500608 -0.3120649 -0 -0.9500608 -0.3120649 0 -0.9467294 -0.3220302 -0 -0.9467294 -0.3220302 0 -0.943308 -0.3319187 -0 -0.943308 -0.3319187 0 -0.9397634 -0.3418255 -0 -0.9397634 -0.3418255 0 -0.936118 -0.3516862 -0 -0.936118 -0.3516862 0 -0.9323837 -0.3614702 -0 -0.9323837 -0.3614702 0 -0.9285316 -0.3712534 0 -0.9285316 -0.3712534 0 -0.9245895 -0.3809648 -0 -0.9245895 -0.3809648 0 -0.9205325 -0.3906659 -0 -0.9205325 -0.3906659 0 -0.9163767 -0.400317 -0 -0.9163767 -0.400317 0 -0.9121297 -0.4099018 -0 -0.9121297 -0.4099018 0 -0.9077767 -0.4194538 -0 -0.9077767 -0.4194538 0 -0.9033275 -0.4289515 -0 -0.9033275 -0.4289515 0 -0.8987675 -0.4384257 0 -0.8987675 -0.4384257 0 -0.8941188 -0.4478298 -0 -0.8941188 -0.4478298 0 -0.8893639 -0.4572001 0 -0.8893639 -0.4572001 -0 -0.884513 -0.4665156 0 -0.884513 -0.4665156 -0 -0.8795741 -0.4757619 -0 -0.8795741 -0.4757619 0 -0.8745338 -0.4849648 -0 -0.8745338 -0.4849648 0 -0.8693817 -0.4941411 -0 -0.8693817 -0.4941411 0 -0.8641577 -0.503221 -0 -0.8641577 -0.503221 0 -0.8588223 -0.5122737 -0 -0.8588223 -0.5122737 0 -0.8533922 -0.5212693 0 -0.8533922 -0.5212693 -0 -0.8478851 -0.5301802 0 -0.8422672 -0.5390602 0 -0.8478851 -0.5301802 -0 -0.8365498 -0.5478909 0 -0.8422672 -0.5390602 0 -0.8365498 -0.5478909 0 -0.8307642 -0.5566246 0 -0.8307642 -0.5566246 -0 -0.8248671 -0.5653267 0 -0.8248671 -0.5653267 -0 -0.8189024 -0.5739327 0 -0.8128216 -0.5825127 0 -0.8189024 -0.5739327 -0 -0.8128216 -0.5825127 0 -0.8066535 -0.5910246 0 -0.8066535 -0.5910246 -0 -0.8004219 -0.5994369 0 -0.7940699 -0.6078265 0 -0.8004219 -0.5994369 -0 -0.7940699 -0.6078265 0 -0.7876512 -0.6161213 0 -0.7876512 -0.6161213 -0 -0.7811368 -0.6243599 0 -0.7811368 -0.6243599 -0 -0.7745388 -0.6325265 0 -0.7745388 -0.6325265 -0 -0.767857 -0.6406212 0 -0.767857 -0.6406212 -0 -0.7610843 -0.6486529 0 -0.7610843 -0.6486529 -0 -0.7542461 -0.6565918 0 -0.7542461 -0.6565918 -0 -0.7472988 -0.6644882 0 -0.7472988 -0.6644882 -0 -0.7402931 -0.6722841 0 -0.7402931 -0.6722841 -0 -0.7331839 -0.6800305 0 -0.7331839 -0.6800305 -0 -0.7260033 -0.6876913 -0 -0.7260033 -0.6876913 0 -0.7187569 -0.6952614 -0 -0.7187569 -0.6952614 0 -0.7114075 -0.7027797 -0 -0.7114075 -0.7027797 0 -0.7039929 -0.710207 -0 -0.7039929 -0.710207 0 -0.6965003 -0.7175565 -0 -0.6965003 -0.7175565 0 -0.6889235 -0.724834 -0 -0.6889235 -0.724834 0 -0.6812751 -0.7320276 -0 -0.6812751 -0.7320276 0 -0.6735612 -0.7391314 0 -0.6735612 -0.7391314 0 -0.6657581 -0.7461677 0 -0.6657581 -0.7461677 -0 -0.6578881 -0.7531157 0 -0.6578881 -0.7531157 -0 -0.6499546 -0.759973 0 -0.641923 -0.7667692 0 -0.6499546 -0.759973 -0 -0.641923 -0.7667692 0 -0.6338536 -0.7734531 0 -0.6338536 -0.7734531 -0 -0.6256857 -0.7800753 0 -0.6256857 -0.7800753 -0 -0.6174676 -0.7865962 0 -0.6174676 -0.7865962 -0 -0.6091838 -0.7930291 0 -0.6091838 -0.7930291 -0 -0.6008255 -0.7993802 0 -0.6008255 -0.7993802 -0 -0.5923929 -0.8056492 0 -0.5923929 -0.8056492 -0 -0.58389 -0.8118328 0 -0.5753496 -0.8179076 0 -0.58389 -0.8118328 -0 -0.5753496 -0.8179076 0 -0.5667272 -0.8239055 0 -0.5667272 -0.8239055 -0 -0.5580466 -0.8298095 0 -0.5580466 -0.8298095 -0 -0.5493081 -0.83562 0 -0.5493081 -0.83562 -0 -0.5405084 -0.8413386 0 -0.5405084 -0.8413386 -0 -0.5316414 -0.8469695 0 -0.5316414 -0.8469695 -0 -0.5227249 -0.8525014 -0 -0.5227249 -0.8525014 0 -0.5137365 -0.857948 -0 -0.5137365 -0.857948 0 -0.504701 -0.8632942 -0 -0.504701 -0.8632942 0 -0.4956162 -0.8685417 -0 -0.4956162 -0.8685417 0 -0.4864712 -0.8736966 0 -0.4864712 -0.8736966 0 -0.4772673 -0.8787583 -0 -0.4772673 -0.8787583 0 -0.468024 -0.8837158 -0 -0.468024 -0.8837158 0 -0.4587109 -0.8885855 -0 -0.4587109 -0.8885855 0 -0.4493693 -0.8933461 -0 -0.4493693 -0.8933461 0 -0.4399576 -0.8980185 -0 -0.4399576 -0.8980185 0 -0.4305071 -0.9025872 -0 -0.4305071 -0.9025872 0 -0.4209974 -0.9070618 -0 -0.4209974 -0.9070618 0 -0.4114684 -0.911424 -0 -0.4114684 -0.911424 0 -0.4018598 -0.9157012 -0 -0.4018598 -0.9157012 0 -0.392242 -0.919862 0 -0.392242 -0.919862 0 -0.3825578 -0.9239315 -0 -0.3825578 -0.9239315 0 -0.3728402 -0.9278955 0 -0.3728402 -0.9278955 -0 -0.3630682 -0.9317625 0 -0.3532725 -0.9355205 0 -0.3630682 -0.9317625 -0 -0.3532725 -0.9355205 0 -0.3434321 -0.9391776 0 -0.3434321 -0.9391776 -0 -0.3335534 -0.9427312 0 -0.3236405 -0.9461802 0 -0.3335534 -0.9427312 -0 -0.3236405 -0.9461802 0 -0.3136768 -0.9495298 0 -0.3036975 -0.9527685 0 -0.3136768 -0.9495298 -0 -0.3036975 -0.9527685 0 -0.2936893 -0.9559009 0 -0.2936893 -0.9559009 -0 -0.2836236 -0.9589356 0 -0.2836236 -0.9589356 -0 -0.2735508 -0.9618574 -0 -0.2735508 -0.9618574 0 -0.2634324 -0.9646778 0 -0.2634324 -0.9646778 0 -0.2532933 -0.9673895 0 -0.2532933 -0.9673895 0 -0.2431216 -0.9699958 -0 -0.2431216 -0.9699958 0 -0.2329291 -0.9724938 -0 -0.2329291 -0.9724938 0 -0.2226981 -0.9748874 -0 -0.2226981 -0.9748874 0 -0.2124523 -0.9771714 -0 -0.2124523 -0.9771714 0 -0.2021912 -0.9793461 -0 -0.2021912 -0.9793461 0 -0.1918922 -0.9814159 0 -0.1918922 -0.9814159 0 0.7071068 -0.7071068 0 0.7071068 -0.7071068 0 -0.8682432 -0.496139 -0 -0.8682432 -0.496139 0 -0.7071068 0.7071068 0 -0.7071068 0.7071068 0 0.8682432 0.496139 0 0.8682432 0.496139 0 -0.9970174 -0.07717676 -0 -0.9970174 -0.07717676 0 -0.9962596 -0.08641084 -0 -0.9962596 -0.08641084 0 -0.9954177 -0.09562184 -0 -0.9954177 -0.09562184 0 -0.9944875 -0.1048556 -0 -0.9944875 -0.1048556 0 -0.9934728 -0.1140687 -0 -0.9934728 -0.1140687 0 -0.9923749 -0.1232561 -0 -0.9923749 -0.1232561 0 -0.9911903 -0.1324454 -0 -0.9911903 -0.1324454 0 -0.9899159 -0.1416558 -0 -0.9899159 -0.1416558 0 -0.9885643 -0.1508002 -0 -0.9885643 -0.1508002 0 -0.9871259 -0.1599454 -0 -0.9871259 -0.1599454 0 -0.9855973 -0.1691096 -0 -0.9855973 -0.1691096 0 -0.9839888 -0.1782302 -0 -0.9839888 -0.1782302 0 -0.9822971 -0.1873295 -0 -0.9822971 -0.1873295 0 -0.9805188 -0.1964251 -0 -0.9805188 -0.1964251 0 -0.9786563 -0.205504 -0 -0.9786563 -0.205504 0 -0.9767066 -0.214579 -0 -0.9767066 -0.214579 0 -0.9746795 -0.2236064 -0 -0.9746795 -0.2236064 0 -0.9725631 -0.2326393 -0 -0.9725631 -0.2326393 0 -0.9703644 -0.2416462 0 -0.9703644 -0.2416462 -0 -0.9680878 -0.250611 0 -0.9680878 -0.250611 -0 -0.9657184 -0.259592 0 -0.9657184 -0.259592 -0 -0.9632753 -0.2685157 0 -0.9632753 -0.2685157 -0 -0.9607464 -0.2774283 0 -0.9607464 -0.2774283 -0 -0.9581341 -0.2863199 0 -0.9581341 -0.2863199 -0 -0.9554363 -0.2951973 -0 -0.9554363 -0.2951973 0 -0.9526588 -0.3040415 -0 -0.9526588 -0.3040415 0 -0.9498021 -0.3128512 -0 -0.9498021 -0.3128512 0 -0.9468664 -0.3216272 -0 -0.9468664 -0.3216272 0 -0.9438375 -0.3304099 -0 -0.9407413 -0.3391249 -0 -0.9438375 -0.3304099 0 -0.9407413 -0.3391249 -0 -0.9375539 -0.3478399 -0 -0.9375539 -0.3478399 0 -0.9342926 -0.3565073 -0 -0.9342926 -0.3565073 0 -0.9309469 -0.3651544 -0 -0.9309469 -0.3651544 0 -0.9275278 -0.3737542 -0 -0.9275278 -0.3737542 0 -0.9240164 -0.3823532 -0 -0.9240164 -0.3823532 0 -0.9204394 -0.3908852 -0 -0.9204394 -0.3908852 0 -0.9167816 -0.3993889 -0 -0.9167816 -0.3993889 0 -0.9130315 -0.4078891 -0 -0.9130315 -0.4078891 0 -0.9092159 -0.416325 -0 -0.9092159 -0.416325 0 -0.9053151 -0.4247406 -0 -0.9013507 -0.4330901 -0 -0.9053151 -0.4247406 0 -0.9013507 -0.4330901 -0 -0.8972875 -0.4414466 -0 -0.8972875 -0.4414466 0 -0.8931653 -0.4497285 -0 -0.8931653 -0.4497285 0 -0.8889573 -0.4579902 -0 -0.8846627 -0.4662314 -0 -0.8889573 -0.4579902 0 -0.8846627 -0.4662314 -0 -0.8803198 -0.4743805 0 -0.8803198 -0.4743805 -0 -0.8758864 -0.4825172 0 -0.8758864 -0.4825172 -0 -0.8713706 -0.4906255 0 -0.8713706 -0.4906255 -0 -0.8667825 -0.4986863 0 -0.8667825 -0.4986863 -0 -0.8621383 -0.5066729 0 -0.8621383 -0.5066729 -0 -0.8573911 -0.5146655 0 -0.8573911 -0.5146655 -0 -0.8525879 -0.5225838 0 -0.8525879 -0.5225838 -0 -0.8477134 -0.5304546 0 -0.8477134 -0.5304546 -0 -0.842761 -0.5382879 0 -0.842761 -0.5382879 -0 -0.8377303 -0.5460841 0 -0.8377303 -0.5460841 -0 -0.8326418 -0.553812 0 -0.8326418 -0.553812 -0 -0.8274679 -0.5615131 -0 -0.8274679 -0.5615131 -0 -0.8222296 -0.5691558 0 -0.8222296 -0.5691558 -0 -0.8169233 -0.5767463 -0 -0.8115348 -0.5843041 -0 -0.8169233 -0.5767463 0 -0.8115348 -0.5843041 -0 -0.8060933 -0.5917884 -0 -0.8005727 -0.5992357 -0 -0.8060933 -0.5917884 0 -0.7949831 -0.6066315 -0 -0.8005727 -0.5992357 -0 -0.7949831 -0.6066315 -0 -0.7893279 -0.6139719 -0 -0.7836037 -0.6212611 -0 -0.7893279 -0.6139719 0 -0.7836037 -0.6212611 -0 -0.777828 -0.6284772 -0 -0.777828 -0.6284772 0 -0.7719517 -0.635681 -0 -0.7719517 -0.635681 0 -0.7660334 -0.6428008 -0 -0.7660334 -0.6428008 0 -0.7600452 -0.6498702 -0 -0.7600452 -0.6498702 0 -0.7539742 -0.656904 0 -0.7539742 -0.656904 -0 -0.7478749 -0.6638397 0 -0.7478749 -0.6638397 -0 -0.7416816 -0.6707521 0 -0.7416816 -0.6707521 -0 -0.7354392 -0.6775908 0 -0.7354392 -0.6775908 -0 -0.7291249 -0.6843807 0 -0.7291249 -0.6843807 -0 -0.72275 -0.6911096 0 -0.72275 -0.6911096 -0 -0.716314 -0.697778 0 -0.716314 -0.697778 -0 -0.7098287 -0.7043743 -0 -0.7098287 -0.7043743 -0 -0.7032601 -0.7109326 0 -0.7032601 -0.7109326 -0 -0.6966306 -0.7174299 0 -0.6966306 -0.7174299 -0 -0.6899636 -0.723844 0 -0.6899636 -0.723844 -0 -0.6832354 -0.7301983 0 -0.6832354 -0.7301983 -0 -0.6764233 -0.7365131 0 -0.6764233 -0.7365131 -0 -0.6695747 -0.7427447 0 -0.6695747 -0.7427447 -0 -0.6626765 -0.7489058 -0 -0.6626765 -0.7489058 -0 -0.6556816 -0.7550375 0 -0.6556816 -0.7550375 -0 -0.6486734 -0.7610669 0 -0.6486734 -0.7610669 -0 -0.6415814 -0.767055 -0 -0.6415814 -0.767055 -0 -0.6344633 -0.772953 0 -0.6344633 -0.772953 -0 -0.6272503 -0.7788178 0 -0.6272503 -0.7788178 -0 -0.6200222 -0.7845843 0 -0.6200222 -0.7845843 -0 -0.612724 -0.790297 0 -0.612724 -0.790297 -0 -0.6053748 -0.7959406 -0 -0.6053748 -0.7959406 0 -0.5979666 -0.801521 -0 -0.5979666 -0.801521 0 -0.5905067 -0.8070327 -0 -0.5830137 -0.8124622 -0 -0.5905067 -0.8070327 0 -0.5830137 -0.8124622 -0 -0.575458 -0.8178312 0 -0.575458 -0.8178312 -0 -0.5678594 -0.8231256 0 -0.5678594 -0.8231256 -0 -0.5602034 -0.8283551 0 -0.5602034 -0.8283551 -0 -0.5525047 -0.8335098 0 -0.5525047 -0.8335098 -0 -0.536959 -0.8436084 -0 -0.5447425 -0.8386034 0 -0.5447425 -0.8386034 -0 -0.536959 -0.8436084 -0 -0.5291178 -0.8485484 -0 -0.5291178 -0.8485484 0 -0.521233 -0.8534144 -0 -0.521233 -0.8534144 0 -0.5132971 -0.858211 -0 -0.5053169 -0.8629338 -0 -0.5132971 -0.858211 0 -0.5053169 -0.8629338 -0 -0.497306 -0.8675752 -0 -0.497306 -0.8675752 0 -0.4892476 -0.8721449 -0 -0.4892476 -0.8721449 0 -0.4811418 -0.8766428 -0 -0.4811418 -0.8766428 0 -0.4729981 -0.8810634 -0 -0.4729981 -0.8810634 0 -0.4647975 -0.885417 -0 -0.4647975 -0.885417 0 -0.4565859 -0.8896793 -0 -0.4565859 -0.8896793 0 -0.4483267 -0.8938697 -0 -0.4483267 -0.8938697 0 -0.4400202 -0.8979879 -0 -0.4316749 -0.9020292 -0 -0.4400202 -0.8979879 0 -0.4316749 -0.9020292 -0 -0.4233104 -0.9059847 -0 -0.4148787 -0.9098768 -0 -0.4233104 -0.9059847 0 -0.4148787 -0.9098768 -0 -0.4064367 -0.913679 -0 -0.4064367 -0.913679 0 -0.3979472 -0.9174083 -0 -0.3979472 -0.9174083 0 -0.3894377 -0.9210528 -0 -0.3894377 -0.9210528 0 -0.3808807 -0.9246242 0 -0.3808807 -0.9246242 -0 -0.3723036 -0.928111 -0 -0.3723036 -0.928111 -0 -0.363679 -0.9315243 -0 -0.363679 -0.9315243 -0 -0.3550144 -0.9348608 -0 -0.3550144 -0.9348608 -0 -0.3463618 -0.938101 0 -0.3463618 -0.938101 -0 -0.3376365 -0.9412766 0 -0.3376365 -0.9412766 -0 -0.3289165 -0.944359 -0 -0.320136 -0.9473716 -0 -0.3289165 -0.944359 0 -0.3113349 -0.9503002 -0 -0.320136 -0.9473716 -0 -0.3113349 -0.9503002 -0 -0.3025272 -0.9531407 -0 -0.3025272 -0.9531407 0 -0.2936994 -0.9558979 -0 -0.2936994 -0.9558979 0 -0.2848034 -0.958586 -0 -0.2848034 -0.958586 0 -0.2759136 -0.9611824 -0 -0.2759136 -0.9611824 0 -0.2669971 -0.9636974 -0 -0.2669971 -0.9636974 0 -0.2580542 -0.9661304 -0 -0.2580542 -0.9661304 0 -0.2490695 -0.9684855 -0 -0.2401118 -0.9707453 -0 -0.2490695 -0.9684855 0 -0.2401118 -0.9707453 -0 -0.2310963 -0.9729309 -0 -0.2310963 -0.9729309 0 -0.2220701 -0.9750307 -0 -0.2220701 -0.9750307 0 -0.2130178 -0.9770483 -0 -0.2039615 -0.9789789 -0 -0.2130178 -0.9770483 0 -0.2039615 -0.9789789 -0 -0.1948886 -0.9808254 -0 -0.1948886 -0.9808254 0 -0.1857901 -0.9825895 -0 -0.1857901 -0.9825895 0 -0.1766702 -0.98427 -0 -0.1766702 -0.98427 0 -0.1675251 -0.9858678 -0 -0.1675251 -0.9858678 0 -0.1584062 -0.987374 -0 -0.1492368 -0.9888015 -0 -0.1584062 -0.987374 0 -0.1492368 -0.9888015 -0 -0.1400714 -0.9901413 0 -0.1400714 -0.9901413 -0 -0.1308842 -0.9913976 0 -0.1308842 -0.9913976 -0 -0.1216945 -0.9925676 0 -0.1216945 -0.9925676 -0 -0.1124831 -0.9936537 0 -0.1124831 -0.9936537 -0 -0.1032945 -0.9946508 -0 -0.1032945 -0.9946508 -0 -0.09406143 -0.9955664 -0 -0.09406143 -0.9955664 -0 -0.08480413 -0.9963976 -0 -0.08480413 -0.9963976 -0 -0.07559226 -0.9971388 0 -0.07559226 -0.9971388 -0 -0.06635828 -0.9977959 -0 -0.06635828 -0.9977959 -0 -0.05707944 -0.9983696 -0 -0.05707944 -0.9983696 -0 -0.04784472 -0.9988548 0 -0.04784472 -0.9988548 -0 -0.03858783 -0.9992552 -0 -0.03858783 -0.9992552 -0 -0.02930927 -0.9995704 0 -0.02930927 -0.9995704 -0 -0.02007518 -0.9997985 -0 -0.02007518 -0.9997985 -0 -0.01077299 -0.9999419 -0 -0.01077299 -0.9999419 0 -0.001539017 -0.9999988 -0 -0.001539017 -0.9999988 0 0.007762933 -0.9999698 0 0.007762933 -0.9999698 0 0.01699696 -0.9998555 0 0.01699696 -0.9998555 0 0.02627633 -0.9996547 0 0.0355325 -0.9993685 0 0.02627633 -0.9996547 0 0.04481221 -0.9989955 0 0.0355325 -0.9993685 0 0.04481221 -0.9989955 0 0.05404601 -0.9985385 0 0.05404601 -0.9985385 0 0.063304 -0.9979943 0 0.063304 -0.9979943 0 0.07255943 -0.997364 0 0.08179422 -0.9966493 0 0.07255943 -0.997364 0 0.08179422 -0.9966493 0 0.09102753 -0.9958484 0 0.09102753 -0.9958484 0 0.1002387 -0.9949634 0 0.1002387 -0.9949634 0 0.1094726 -0.9939898 0 0.1094726 -0.9939898 0 0.1186624 -0.9929346 0 0.1186624 -0.9929346 0 0.1278722 -0.9917907 0 0.1278722 -0.9917907 0 0.137041 -0.9905654 0 0.137041 -0.9905654 0 0.1462296 -0.9892507 0 0.1462296 -0.9892507 0 0.1553931 -0.9878528 0 0.1553931 -0.9878528 0 0.1645385 -0.9863707 0 0.1645385 -0.9863707 0 0.1736808 -0.984802 0 0.1736808 -0.984802 0 0.1827797 -0.9831538 0 0.1827797 -0.9831538 0 0.1919012 -0.9814143 0 0.1919012 -0.9814143 0 0.2009753 -0.9795963 0 0.2009753 -0.9795963 0 0.2100546 -0.9776897 0 0.2100546 -0.9776897 0 0.2190819 -0.9757065 0 0.2190819 -0.9757065 0 0.228136 -0.9736293 0 0.228136 -0.9736293 0 0.2371427 -0.9714748 0 0.2371427 -0.9714748 0 0.2461498 -0.9692318 0 0.2461498 -0.9692318 0 0.2551093 -0.9669122 0 0.2551093 -0.9669122 0 0.2640537 -0.9645079 0 0.2640537 -0.9645079 0 0.2729929 -0.962016 0 0.2729929 -0.962016 0 0.2818906 -0.9594466 0 0.2818906 -0.9594466 0 0.2907554 -0.9567974 0 0.2907554 -0.9567974 0 0.299633 -0.9540545 0 0.299633 -0.9540545 0 0.3084566 -0.9512385 0 0.3084566 -0.9512385 0 0.3172393 -0.9483455 0 0.3172393 -0.9483455 0 0.3260221 -0.9453622 0 0.3260221 -0.9453622 0 0.3347775 -0.9422972 0 0.3347775 -0.9422972 0 0.3434924 -0.9391554 0 0.3434924 -0.9391554 0 0.3521873 -0.9359296 0 0.3521873 -0.9359296 0 0.3608468 -0.9326251 0 0.3608468 -0.9326251 0 0.3694544 -0.9292489 0 0.3694544 -0.9292489 0 0.3780732 -0.9257757 0 0.3780732 -0.9257757 0 0.3866329 -0.9222337 0 0.3951454 -0.9186186 0 0.3866329 -0.9222337 0 0.3951454 -0.9186186 0 0.4036486 -0.9149142 0 0.4121124 -0.911133 0 0.4036486 -0.9149142 0 0.4121124 -0.911133 0 0.4205374 -0.9072753 0 0.4205374 -0.9072753 0 0.4289248 -0.9033402 0 0.4372822 -0.8993243 0 0.4289248 -0.9033402 0 0.4372822 -0.8993243 0 0.4456105 -0.8952269 0 0.4456105 -0.8952269 0 0.4538732 -0.8910663 0 0.4538732 -0.8910663 0 0.4621065 -0.8868244 0 0.4621065 -0.8868244 0 0.4703016 -0.8825058 0 0.4703016 -0.8825058 0 0.4784763 -0.8781005 0 0.4784763 -0.8781005 0 0.4865939 -0.8736284 0 0.4865939 -0.8736284 0 0.4946563 -0.8690886 0 0.4946563 -0.8690886 0 0.5026885 -0.8644676 0 0.5106831 -0.859769 0 0.5026885 -0.8644676 0 0.5106831 -0.859769 0 0.5186202 -0.8550048 0 0.5186202 -0.8550048 0 0.5265462 -0.8501465 0 0.5265462 -0.8501465 0 0.5343821 -0.8452431 0 0.5343821 -0.8452431 0 0.5422027 -0.8402478 0 0.5422027 -0.8402478 0 0.5499436 -0.8352018 0 0.5499436 -0.8352018 0 0.5576894 -0.8300498 0 0.5576894 -0.8300498 0 0.5653352 -0.8248612 0 0.5653352 -0.8248612 0 0.5729594 -0.8195837 0 0.5729594 -0.8195837 0 0.5805465 -0.8142271 0 0.58806 -0.8088173 0 0.5805465 -0.8142271 0 0.58806 -0.8088173 0 0.5955111 -0.8033471 0 0.5955111 -0.8033471 0 0.6029435 -0.7977839 0 0.6029435 -0.7977839 0 0.61031 -0.7921627 0 0.61031 -0.7921627 0 0.6176316 -0.7864675 0 0.6176316 -0.7864675 0 0.6248882 -0.7807142 0 0.6248882 -0.7807142 0 0.6320996 -0.7748872 0 0.6320996 -0.7748872 0 0.639249 -0.7689999 0 0.639249 -0.7689999 0 0.6463479 -0.7630427 0 0.6463479 -0.7630427 0 0.6533895 -0.757022 0 0.6533895 -0.757022 0 0.6603789 -0.7509326 0 0.6603789 -0.7509326 0 0.66731 -0.74478 0 0.6741787 -0.7385683 0 0.66731 -0.74478 0 0.6741787 -0.7385683 0 0.6810108 -0.7322733 0 0.6810108 -0.7322733 0 0.6877584 -0.7259396 0 0.6877584 -0.7259396 0 0.6944459 -0.719545 0 0.6944459 -0.719545 0 0.7010951 -0.7130678 0 0.7010951 -0.7130678 0 0.7076724 -0.7065408 0 0.7076724 -0.7065408 0 0.7141889 -0.6999531 0 0.7141889 -0.6999531 0 0.7206334 -0.6933163 0 0.7206334 -0.6933163 0 0.7270508 -0.6865837 0 0.7270508 -0.6865837 0 0.7333632 -0.6798371 0 0.7333632 -0.6798371 0 0.7396368 -0.6730062 0 0.7396368 -0.6730062 0 0.7458489 -0.6661152 0 0.7458489 -0.6661152 0 0.7519792 -0.6591869 0 0.7519792 -0.6591869 0 0.7580603 -0.6521844 0 0.7580603 -0.6521844 0 0.7640572 -0.6451485 0 0.7640572 -0.6451485 0 0.7700269 -0.6380113 0 0.7700269 -0.6380113 0 0.7758938 -0.6308635 0 0.7758938 -0.6308635 0 0.7817072 -0.6236457 0 0.7817072 -0.6236457 0 0.7874534 -0.6163742 0 0.7874534 -0.6163742 0 0.793137 -0.6090434 0 0.793137 -0.6090434 0 0.798749 -0.6016645 0 0.798749 -0.6016645 0 0.8042895 -0.5942377 0 0.8097507 -0.5867739 0 0.8042895 -0.5942377 0 0.8097507 -0.5867739 0 0.8151776 -0.5792111 0 0.8151776 -0.5792111 0 0.8204751 -0.5716823 0 0.8204751 -0.5716823 0 0.825765 -0.5640144 0 0.825765 -0.5640144 0 0.8309484 -0.5563496 0 0.8360534 -0.548648 0 0.8309484 -0.5563496 0 0.8360534 -0.548648 0 0.8411285 -0.5408354 0 0.8411285 -0.5408354 0 0.8460907 -0.533039 0 0.8460907 -0.533039 0 0.8510018 -0.5251628 0 0.8510018 -0.5251628 0 0.8558149 -0.5172821 0 0.8558149 -0.5172821 0 0.8605766 -0.5093209 0 0.8605766 -0.5093209 0 0.8652666 -0.5013119 0 0.8652666 -0.5013119 0 0.8698846 -0.4932553 0 0.8698846 -0.4932553 0 0.8744059 -0.4851951 0 0.8744059 -0.4851951 0 0.8788556 -0.4770879 0 0.8788556 -0.4770879 0 0.8832522 -0.4688981 0 0.8832522 -0.4688981 0 0.887553 -0.4607055 0 0.887553 -0.4607055 0 0.8918001 -0.4524296 0 0.8918001 -0.4524296 0 0.8959383 -0.4441783 0 0.8959383 -0.4441783 0 0.9000181 -0.4358526 0 0.9000181 -0.4358526 0 0.9040211 -0.4274879 0 0.9040211 -0.4274879 0 0.9079554 -0.4190668 0 0.9079554 -0.4190668 0 0.9117787 -0.4106818 0 0.9117787 -0.4106818 0 0.9155595 -0.4021826 0 0.9155595 -0.4021826 0 0.919234 -0.3937117 0 0.919234 -0.3937117 0 0.9228518 -0.3851553 0 0.9228518 -0.3851553 0 0.9263894 -0.3765671 0 0.9263894 -0.3765671 0 0.9298253 -0.3680012 0 0.9298253 -0.3680012 0 0.9332003 -0.3593567 0 0.9332003 -0.3593567 0 0.9365011 -0.3506646 0 0.9365011 -0.3506646 0 0.9397075 -0.3419793 0 0.9397075 -0.3419793 0 0.9428256 -0.3332865 0 0.9458837 -0.324506 0 0.9428256 -0.3332865 0 0.9458837 -0.324506 0 0.9488371 -0.315766 0 0.9488371 -0.315766 0 0.9517296 -0.306938 0 0.9517296 -0.306938 0 0.9545424 -0.2980752 0 0.9545424 -0.2980752 0 0.9572563 -0.289241 0 0.9572563 -0.289241 0 0.9598914 -0.2803719 0 0.9598914 -0.2803719 0 0.9624511 -0.2714553 0 0.9624511 -0.2714553 0 0.9649229 -0.2625333 0 0.9649229 -0.2625333 0 0.9673157 -0.2535752 0 0.9673157 -0.2535752 0 0.9696332 -0.244564 0 0.9696332 -0.244564 0 0.9718485 -0.2356065 0 0.9718485 -0.2356065 0 0.9739888 -0.2265964 0 0.9739888 -0.2265964 0 0.9760516 -0.2175391 0 0.9760516 -0.2175391 0 0.9780242 -0.2084919 0 0.9780242 -0.2084919 0 0.9799197 -0.1993924 0 0.9799197 -0.1993924 0 0.981718 -0.1903414 0 0.981718 -0.1903414 0 0.9834391 -0.181239 0 0.9834391 -0.181239 0 0.9850799 -0.1720976 0 0.9850799 -0.1720976 0 0.9866339 -0.1629528 0 0.9866339 -0.1629528 0 0.9881001 -0.1538121 0 0.9894806 -0.1446652 0 0.9881001 -0.1538121 0 0.9894806 -0.1446652 0 0.9907864 -0.1354334 0 0.9919936 -0.1262879 0 0.9907864 -0.1354334 0 0.9919936 -0.1262879 0 0.99312 -0.1171012 0 0.9941654 -0.1078664 0 0.99312 -0.1171012 0 0.9941654 -0.1078664 0 0.9951195 -0.09867793 0 0.9951195 -0.09867793 0 0.995992 -0.08944295 0 0.995992 -0.08944295 0 0.9967781 -0.08020937 0 0.9967781 -0.08020937 0 0.9974813 -0.07093019 0 0.9974813 -0.07093019 0 0.9980922 -0.06174139 0 0.9980922 -0.06174139 0 0.9986228 -0.05246202 0 0.9986228 -0.05246202 0 0.9990672 -0.04318284 0 0.9990672 -0.04318284 0 0.9994236 -0.03394858 0 0.9994236 -0.03394858 0 0.9996945 -0.02471455 0 0.9998816 -0.01539011 0 0.9996945 -0.02471455 0 0.9998816 -0.01539011 0 0.9999811 -0.006156028 0 0.9999811 -0.006156028 0 0.9999951 0.003123287 0 0.9999951 0.003123287 0 0.9999237 0.01235731 0 0.9999237 0.01235731 0 0.9997649 0.02168187 0 0.9997649 0.02168187 0 0.999522 0.03091609 0 0.999522 0.03091609 0 0.9991937 0.04015017 0 0.9991937 0.04015017 0 0.9987777 0.04942909 0 0.9982751 0.05870875 0 0.9987777 0.04942909 0 0.9982751 0.05870875 0 0.9976892 0.06794222 0 0.9976892 0.06794222 0 0.9970174 0.07717676 0 0.9970174 0.07717676 0 0.9962596 0.08641084 0 0.9962596 0.08641084 0 0.9954156 0.09564427 0 0.9954156 0.09564427 0 0.994485 0.1048792 0 0.994485 0.1048792 0 0.993473 0.1140674 0 0.993473 0.1140674 0 0.9923747 0.1232575 0 0.9923747 0.1232575 0 0.9911844 0.1324898 0 0.9899192 0.1416336 0 0.9911844 0.1324898 0 0.9899192 0.1416336 0 0.9885609 0.1508224 0 0.9885609 0.1508224 0 0.9871223 0.1599675 0 0.9871223 0.1599675 0 0.9855973 0.1691096 0 0.9855973 0.1691096 0 0.9839848 0.1782521 0 0.9839848 0.1782521 0 0.982293 0.1873513 0 0.982293 0.1873513 0 0.9805228 0.1964056 0 0.9805228 0.1964056 0 0.9786472 0.2055474 0 0.9786472 0.2055474 0 0.9767114 0.2145574 0 0.9767114 0.2145574 0 0.9746691 0.2236519 0 0.9746691 0.2236519 0 0.9725682 0.2326179 0 0.9725682 0.2326179 0 0.9703584 0.2416702 0 0.9703584 0.2416702 0 0.9680831 0.2506295 0 0.9680831 0.2506295 0 0.9657176 0.2595948 0 0.9657176 0.2595948 0 0.9632761 0.2685128 0 0.9632761 0.2685128 0 0.9607335 0.277473 0 0.9607335 0.277473 0 0.9581269 0.2863438 0 0.9581269 0.2863438 0 0.9554427 0.2951767 0 0.9526578 0.3040448 0 0.9554427 0.2951767 0 0.9526578 0.3040448 0 0.9497954 0.3128717 0 0.9497954 0.3128717 0 0.9468583 0.321651 0 0.9468583 0.321651 0 0.9438305 0.3304301 0 0.9438305 0.3304301 0 0.94074 0.3391286 0 0.9375466 0.3478598 0 0.94074 0.3391286 0 0.9375466 0.3478598 0 0.9342926 0.3565073 0 0.9309469 0.3651544 0 0.9342926 0.3565073 0 0.9309469 0.3651544 0 0.9275121 0.3737931 0 0.9275121 0.3737931 0 0.9240164 0.3823532 0 0.9240164 0.3823532 0 0.9204296 0.3909084 0 0.9204296 0.3909084 0 0.9167697 0.3994162 0 0.9167697 0.3994162 0 0.9130334 0.4078849 0 0.9130334 0.4078849 0 0.9092073 0.4163437 0 0.9092073 0.4163437 0 0.9053217 0.4247264 0 0.9053217 0.4247264 0 0.9013309 0.4331313 0 0.9013309 0.4331313 0 0.8972965 0.4414284 0 0.8972965 0.4414284 0 0.8931538 0.4497511 0 0.8931538 0.4497511 0 0.8889549 0.4579948 0 0.8889549 0.4579948 0 0.8846652 0.4662267 0 0.8846652 0.4662267 0 0.880301 0.4744156 0 0.880301 0.4744156 0 0.8758786 0.4825316 0 0.8758786 0.4825316 0 0.8713706 0.4906255 0 0.8713706 0.4906255 0 0.8667825 0.4986863 0 0.8667825 0.4986863 0 0.8621256 0.5066947 0 0.8621256 0.5066947 0 0.8573911 0.5146655 0 0.8573911 0.5146655 0 0.8525678 0.5226167 0 0.8525678 0.5226167 0 0.847707 0.5304647 0 0.847707 0.5304647 0 0.8427578 0.5382931 0 0.8427578 0.5382931 0 0.8377337 0.5460789 0 0.8377337 0.5460789 0 0.8326174 0.5538486 0 0.8326174 0.5538486 0 0.8274643 0.5615183 0 0.8274643 0.5615183 0 0.822226 0.5691611 0 0.8169127 0.5767614 0 0.822226 0.5691611 0 0.8169127 0.5767614 0 0.8115454 0.5842892 0 0.8115454 0.5842892 0 0.8060854 0.5917992 0 0.8060854 0.5917992 0 0.8005577 0.5992556 0 0.8005577 0.5992556 0 0.7949764 0.6066404 0 0.7949764 0.6066404 0 0.7893279 0.6139719 0 0.7893279 0.6139719 0 0.7835993 0.6212665 0 0.7835993 0.6212665 0 0.777808 0.628502 0 0.777808 0.628502 0 0.7719407 0.6356946 0 0.7719407 0.6356946 0 0.7660241 0.642812 0 0.7660241 0.642812 0 0.7600452 0.6498702 0 0.7600452 0.6498702 0 0.753963 0.6569169 0 0.753963 0.6569169 0 0.7478586 0.6638579 0 0.7478586 0.6638579 0 0.7416878 0.6707453 0 0.7354227 0.6776087 0 0.7416878 0.6707453 0 0.7354227 0.6776087 0 0.7291083 0.6843983 0 0.7291083 0.6843983 0 0.72275 0.6911096 0 0.72275 0.6911096 0 0.7163085 0.6977838 0 0.7163085 0.6977838 0 0.7098119 0.7043914 0 0.7098119 0.7043914 0 0.7032431 0.7109494 0 0.7032431 0.7109494 0 0.6966364 0.7174243 0 0.6899518 0.7238553 0 0.6966364 0.7174243 0 0.6899518 0.7238553 0 0.6832181 0.7302144 0 0.6832181 0.7302144 0 0.6764233 0.7365131 0 0.6764233 0.7365131 0 0.6695685 0.7427503 0 0.6626525 0.748927 0 0.6695685 0.7427503 0 0.6626525 0.748927 0 0.6556816 0.7550375 0 0.6556816 0.7550375 0 0.6486668 0.7610725 0 0.6486668 0.7610725 0 0.641578 0.7670578 0 0.641578 0.7670578 0 0.6344454 0.7729676 0 0.6344454 0.7729676 0 0.6272468 0.7788206 0 0.6272468 0.7788206 0 0.6200187 0.7845871 0 0.6200187 0.7845871 0 0.6127024 0.7903137 0 0.6127024 0.7903137 0 0.605364 0.7959487 0 0.605364 0.7959487 0 0.5979593 0.8015264 0 0.5979593 0.8015264 0 0.5905067 0.8070327 0 0.5905067 0.8070327 0 0.5829956 0.8124754 0 0.5829956 0.8124754 0 0.5754436 0.8178414 0 0.5754436 0.8178414 0 0.5678508 0.8231316 0 0.5678508 0.8231316 0 0.5601891 0.8283648 0 0.5601891 0.8283648 0 0.5524929 0.8335176 0 0.5447361 0.8386075 0 0.5524929 0.8335176 0 0.5447361 0.8386075 0 0.5369509 0.8436135 0 0.5291055 0.848556 0 0.5369509 0.8436135 0 0.5291055 0.848556 0 0.5212188 0.8534231 0 0.5212188 0.8534231 0 0.5132846 0.8582184 0 0.5053169 0.8629338 0 0.5132846 0.8582184 0 0.5053169 0.8629338 0 0.4972975 0.8675801 0 0.4972975 0.8675801 0 0.4892293 0.8721551 0 0.4892293 0.8721551 0 0.4811288 0.8766499 0 0.4811288 0.8766499 0 0.4729799 0.8810732 0 0.4729799 0.8810732 0 0.4648069 0.8854122 0 0.4648069 0.8854122 0 0.4565769 0.8896839 0 0.4565769 0.8896839 0 0.4483041 0.8938811 0 0.4483041 0.8938811 0 0.4400065 0.8979946 0 0.4400065 0.8979946 0 0.4316661 0.9020335 0 0.4316661 0.9020335 0 0.4232959 0.9059916 0 0.4232959 0.9059916 0 0.4148701 0.9098806 0 0.4148701 0.9098806 0 0.4064272 0.9136832 0 0.4064272 0.9136832 0 0.3979342 0.917414 0 0.3979342 0.917414 0 0.3894233 0.9210589 0 0.3894233 0.9210589 0 0.3808711 0.9246283 0 0.3808711 0.9246283 0 0.3722841 0.9281188 0 0.3722841 0.9281188 0 0.3636692 0.9315282 0 0.3636692 0.9315282 0 0.3550119 0.9348618 0 0.3550119 0.9348618 0 0.3463443 0.9381075 0 0.3376293 0.9412791 0 0.3463443 0.9381075 0 0.3376293 0.9412791 0 0.3288963 0.944366 0 0.3288963 0.944366 0 0.3201258 0.947375 0 0.3201258 0.947375 0 0.3113333 0.9503008 0 0.3113333 0.9503008 0 0.3025118 0.9531456 0 0.2936735 0.9559057 0 0.3025118 0.9531456 0 0.2936735 0.9559057 0 0.2847991 0.9585872 0 0.2847991 0.9585872 0 0.2758971 0.9611871 0 0.2758971 0.9611871 0 0.2669866 0.9637002 0 0.2580437 0.9661333 0 0.2669866 0.9637002 0 0.2580437 0.9661333 0 0.2490749 0.9684842 0 0.2490749 0.9684842 0 0.2400905 0.9707505 0 0.2400905 0.9707505 0 0.2310853 0.9729335 0 0.2310853 0.9729335 0 0.2220544 0.9750343 0 0.2220544 0.9750343 0 0.2130124 0.9770495 0 0.2130124 0.9770495 0 0.2039552 0.9789802 0 0.2039552 0.9789802 0 0.1948625 0.9808306 0 0.1948625 0.9808306 0 0.1857737 0.9825926 0 0.1857737 0.9825926 0 0.1766538 0.984273 0 0.1766538 0.984273 0 0.1675306 0.9858669 0 0.1675306 0.9858669 0 0.1583806 0.9873782 0 0.1583806 0.9873782 0 0.1492291 0.9888027 0 0.1492291 0.9888027 0 0.1400603 0.990143 0 0.1400603 0.990143 0 0.1308702 0.9913995 0 0.1308702 0.9913995 0 0.1216834 0.992569 0 0.1216834 0.992569 0 0.1124801 0.993654 0 0.1124801 0.993654 0 0.1032642 0.9946539 0 0.1032642 0.9946539 0 0.0940446 0.995568 0 0.0940446 0.995568 0 0.08481537 0.9963967 0 0.08481537 0.9963967 0 0.07557537 0.99714 0 0.07557537 0.99714 0 0.06633011 0.9977978 0 0.06633011 0.9977978 0 0.05708508 0.9983694 0 0.05708508 0.9983694 0 0.04782779 0.9988556 0 0.04782779 0.9988556 0 0.03857089 0.9992558 0 0.03857089 0.9992558 0 0.02930927 0.9995704 0 0.02004125 0.9997992 0 0.02930927 0.9995704 0 0.02004125 0.9997992 0 0.01077865 0.9999419 0 0.01077865 0.9999419 0 0.001510692 0.9999989 0 0.001510692 0.9999989 0 -0.007757275 0.99997 0 -0.007757275 0.99997 0 -0.01702562 0.999855 0 -0.01702562 0.999855 0 -0.02628764 0.9996545 0 -0.02628764 0.9996545 0 -0.03554945 0.999368 0 -0.04481221 0.9989955 0 -0.03554945 0.999368 0 -0.04481221 0.9989955 0 -0.05406857 0.9985372 0 -0.05406857 0.9985372 0 -0.06331527 0.9979935 0 -0.06331527 0.9979935 0 -0.07256506 0.9973637 0 -0.08180546 0.9966483 0 -0.07256506 0.9973637 0 -0.08180546 0.9966483 0 -0.09103314 0.9958479 0 -0.09103314 0.9958479 0 -0.1002611 0.9949611 0 -0.1002611 0.9949611 0 -0.1094782 0.9939892 0 -0.1094782 0.9939892 0 -0.1186847 0.992932 0 -0.1278807 0.9917896 0 -0.1186847 0.992932 0 -0.1278807 0.9917896 0 -0.8682432 -0.4961389 -0 -0.8682432 -0.4961389 0 0 0 1 0 0 1 0 0 1 0 0 1 0 0 1 0 0 1 0 0 1 0 0 1 0 0 1 0 0 1 0 0 1 0 0 1 0 0 1 0 0 1 0 0 1 0 0 1 0 0 1 0 0 1 0 0 1 0 0 1 0 0 1 0 0 1 0 0 1 0 0 1 0 0 1 0 0 1 0 0 1 0 0 1 0 0 1 0 0 1 0 0 1 0 0 1 0 0 1 0 0 1 0 0 1 0 0 1 0 0 1 0 0 1 0 0 1 0 0 1 0 0 1 0 0 1 0 0 1 0 0 1 0 0 1 0 0 1 0 0 1 0 0 1 0 0 1 0 0 1 0 0 1 0 0 1 0 0 1 0 0 1 0 0 1 0 0 1 0 0 1 0 0 1 0 0 1 0 0 1 0 0 1 0 0 1 0 0 1 0 0 1 0 0 1 0 0 1 0 0 1 0 0 1 0 0 1 0 0 1 0 0 1 0 0 1 0 0 1 0 0 1 0 0 1 0 0 1 0 0 1 0 0 1 0 0 1 0 0 1 0 0 1 0 0 1 0 0 1 0 0 1 0 0 1 0 0 1 0 0 1 0 0 1 0 0 1 0 0 1 0 0 1 0 0 1 0 0 1 0 0 1 0 0 1 0 0 1 0 0 1 0 0 1 0 0 1 0 0 1 0 0 1 0 0 1 0 0 1 0 0 1 0 0 1 0 0 1 0 0 1 0 0 1 0 0 1 0 0 1 0 0 1 0 0 1 0 0 1 0 0 1 0 0 1 0 0 1 0 0 1 0 0 1 0 0 1 0 0 1 0 0 1 0 0 1 0 0 1 0 0 1 0 0 1 0 0 1 0 0 1 0 0 1 0 0 1 0 0 1 0 0 1 0 0 1 0 0 1 0 0 1 0 0 1 0 0 1 0 0 1 0 0 1 0 0 1 0 0 1 0 0 1 0 0 1 0 0 1 0 0 1 0 0 1 0 0 1 0 0 1 0 0 1 0 0 1 0 0 1 0 0 1 0 0 1 0 0 1 0 0 1 0 0 1 0 0 1 0 0 1 0 0 1 0 0 1 0 0 1 0 0 1 0 0 1 0 0 1 0 0 1 0 0 1 0 0 1 0 0 1 0 0 1 0 0 1 0 0 1 0 0 1 0 0 1 0 0 1 0 0 1 0 0 1 0 0 1 0 0 1 0 0 1 0 0 1 0 0 1 0 0 1 0 0 1 0 0 1 0 0 1 0 0 1 0 0 1 0 0 1 0 0 1 0 0 1 0 0 1 0 0 1 0 0 1 0 0 1 0 0 1 0 0 1 0 0 1 0 0 1 0 0 1 0 0 1 0 0 1 0 0 1 0 0 1 0 0 1 0 0 1 0 0 1 0 0 1 0 0 1 0 0 1 0 0 1 0 0 1 0 0 1 0 0 1 0 0 1 0 0 1 0 0 1 0 0 1 0 0 1 0 0 1 0 0 1 0 0 1 0 0 1 0 0 1 0 0 1 0 0 1 0 0 1 0 0 1 0 0 1 0 0 1 0 0 1 0 0 1 0 0 1 0 0 1 0 0 1 0 0 1 0 0 1 0 0 1 0 0 1 0 0 1 0 0 1 0 0 1 0 0 1 0 0 1 0 0 1 0 0 1 0 0 1 0 0 1 0 0 1 0 0 1 0 0 1 0 0 1 0 0 1 0 0 1 0 0 1 0 0 1 0 0 1 0 0 1 0 0 1 0 0 1 0 0 1 0 0 1 0 0 1 0 0 1 0 0 1 0 0 1 0 0 1 0 0 1 0 0 1 0 0 1 0 0 1 0 0 1 0 0 1 0 0 1 0 0 1 0 0 1 0 0 1 0 0 1 0 0 1 0 0 1 0 0 1 0 0 1 0 0 1 0 0 1 0 0 1 0 0 1 0 0 1 0 0 1 0 0 1 0 0 1 0 0 1 0 0 1 0 0 1 0 0 1 0 0 1 0 0 1 0 0 1 0 0 1 0 0 1 0 0 1 0 0 1 0 0 1 0 0 1 0 0 1 0 0 1 0 0 1 0 0 1 0 0 1 0 0 1 0 0 1 0 0 1 0 0 1 0 0 1 0 0 1 0 0 1 0 0 1 0 0 1 0 0 1 0 0 1 0 0 1 0 0 1 0 0 1 0 0 1 0 0 1 0 0 1 0 0 1 0 0 1 0 0 1 0 0 1 0 0 1 0 0 1 0 0 1 0 0 1 0 0 1 0 0 1 0 0 1 0 0 1 0 0 1 0 0 1 0 0 1 0 0 1 0 0 1 0 0 1 0 0 1 0 0 1 0 0 1 0 0 1 0 0 1 0 0 1 0 0 1 0 0 1 0 0 1 0 0 1 0 0 1 0 0 1 0 0 1 0 0 1 0 0 1 0 0 1 0 0 1 0 0 1 0 0 1 0 0 1 0 0 1 0 0 1 0 0 1 0 0 1 0 0 1 0 0 1 0 0 1 0 0 1 0 0 1 0 0 1 0 0 1 0 0 1 0 0 1 0 0 1 0 0 1 0 0 1 0 0 1 0 0 1 0 0 1 0 0 1 0 0 1 0 0 1 0 0 1 0 0 1 0 0 1 0 0 1 0 0 1 0 0 1 0 0 1 0 0 1 0 0 1 0 0 1 0 0 1 0 0 1 0 0 1 0 0 1 0 0 1 0 0 1 0 0 1 0 0 1 0 0 1 0 0 1 0 0 1 0 0 1 0 0 1 0 0 1 0 0 1 0 0 1 0 0 1 0 0 1 0 0 1 0 0 1 0 0 1 0 0 1 0 0 1 0 0 1 0 0 1 0 0 1 0 0 1 0 0 1 0 0 1 0 0 1 0 0 1 0 0 1 0 0 1 0 0 1 0 0 1 0 0 1 0 0 1 0 0 1 0 0 1 0 0 1 0 0 1 0 0 1 0 0 1 0 0 1 0 0 1 0 0 1 0 0 1 0 0 1 0 0 1 0 0 1 0 0 1 0 0 1 0 0 1 0 0 1 0 0 1 0 0 1 0 0 1 0 0 1 0 0 1 0 0 1 0 0 1 0 0 1 0 0 1 0 0 1 0 0 1 0 0 1 0 0 1 0 0 1 0 0 1 0 0 1 0 0 1 0 0 1 0 0 1 0 0 1 0 0 1 0 0 1 0 0 1 0 0 1 0 0 1 0 0 1 0 0 1 0 0 1 0 0 1 0 0 1 0 0 1 0 0 1 0 0 1 0 0 1 0 0 1 0 0 1 0 0 1 0 0 1 0 0 1 0 0 1 0 0 1 0 0 1 0 0 1 0 0 1 0 0 1 0 0 1 0 0 1 0 0 1 0 0 1 0 0 1 0 0 1 0 0 1 0 0 1 0 0 1 0 0 1 0 0 1 0 0 1 0 0 1 0 0 1 0 0 1 0 0 1 0 0 1 0 0 1 0 0 1 0 0 1 0 0 1 0 0 1 0 0 1 0 0 1 0 0 1 0 0 1 0 0 1 0 0 1 0 0 1 0 0 1 0 0 1 0 0 1 0 0 1 0 0 1 0 0 1 0 0 1 0 0 1 0 0 1 0 0 1 0 0 1 0 0 1 0 0 1 0 0 1 0 0 1 0 0 1 0 0 1 0 0 1 0 0 1 0 0 1 0 0 1 0 0 1 0 0 1 0 0 1 0 0 1 0 0 1 0 0 1 0 0 1 0 0 1 0 0 1 0 0 1 0 0 1 0 0 1 0 0 1 0 0 1 0 0 1 0 0 1 0 0 1 0 0 1 0 0 1 0 0 1 0 0 1 0 0 1 0 0 1 0 0 1 0 0 1 0 0 1 0 0 1 0 0 1 0 0 1 0 0 1 0 0 1 0 0 1 0 0 1 0 0 1 0 0 1 0 0 1 0 0 1 0 0 1 0 0 1 0 0 1 0 0 1 0 0 1 0 0 1 0 0 1 0 0 1 0 0 1 0 0 1 0 0 1 0 0 1 0 0 1 0 0 1 0 0 1 0 0 1 0 0 1 0 0 1 0 0 1 0 0 1 0 0 1 0 0 1 0 0 1 0 0 1 0 0 1 0 0 1 0 0 1 0 0 1 0 0 1 0 0 1 0 0 1 0 0 1 0 0 1 0 0 1 0 0 1 0 0 1 0 0 1 0 0 1 0 0 1 0 0 1 0 0 1 0 0 1 0 0 1 0 0 1 0 0 1 0 0 1 0 0 1 0 0 1 0 0 1 0 0 1 0 0 1 0 0 1 0 0 1 0 0 1 0 0 1 0 0 1 0 0 1 0 0 1 0 0 1 0 0 1 0 0 1 0 0 1 0 0 1 0 0 1 0 0 1 0 0 1 0 0 1 0 0 1 0 0 1 0 0 1 0 0 1 0 0 1 0 0 1 0 0 1 0 0 1 0 0 1 0 0 1 0 0 1 0 0 1 0 0 1 0 0 1 0 0 1 0 0 1 0 0 1 0 0 1 0 0 1 0 0 1 0 0 1 0 0 1 0 0 1 0 0 1 0 0 1 0 0 1 0 0 1 0 0 1 0 0 1 0 0 1 0 0 1 0 0 1 0 0 1 0 0 1 0 0 1 0 0 1 0 0 1 0 0 1 0 0 1 0 0 1 0 0 1 0 0 1 0 0 1 0 0 1 0 0 1 0 0 1 0 0 1 0 0 1 0 0 1 0 0 1 0 0 1 0 0 1 0 0 1 0 0 1 0 0 1 0 0 1 0 0 1 0 0 1 0 0 1 0 0 1 0 0 1 0 0 1 0 0 1 0 0 1 0 0 1 0 0 1 0 0 1 0 0 1 0 0 1 0 0 1 0 0 1 0 0 1 0 0 1 0 0 1 0 0 1 0 0 1 0 0 1 0 0 1 0 0 1 0 0 1 0 0 1 0 0 1 0 0 1 0 0 1 0 0 1 0 0 1 0 0 1 0 0 1 0 0 1 0 0 1 0 0 1 0 0 1 0 0 1 0 0 1 0 0 1 0 0 1 0 0 1 0 0 1 0 0 1 0 0 1 0 0 1 0 0 1 0 0 1 0 0 1 0 0 1 0 0 1 0 0 1 0 0 1 0 0 1 0 0 1 0 0 1 0 0 1 0 0 1 0 0 1 0 0 1 0 0 1 0 0 1 0 0 1 0 0 1 0 0 1 0 0 1 0 0 1 0 0 1 0 0 1 0 0 1 0 0 1 0 0 1 0 0 1 0 0 1 0 0 1 0 0 1 0 0 1 0 0 1 0 0 1 0 0 1 0 0 1 0 0 1 0 0 1 0 0 1 0 0 1 0 0 1 0 0 1 0 0 1 0 0 1 0 0 1 0 0 1 0 0 1 0 0 1 0 0 1 0 0 1 0 0 1 0 0 1 0 0 1 0 0 1 0 0 1 0 0 1 0 0 1 0 0 1 0 0 1 0 0 1 0 0 1 0 0 1 0 0 1 0 0 1 0 0 1 0 0 1 0 0 1 0 0 1 0 0 1 0 0 1 0 0 1 0 0 1 0 0 1 0 0 1 0 0 1 0 0 1 0 0 1 0 0 1 0 0 1 0 0 1 0 0 1 0 0 1 0 0 1 0 0 1 0 0 1 0 0 1 0 0 1 0 0 1 0 0 1 0 0 1 0 0 1 0 0 1 0 0 1 0 0 1 0 0 1 0 0 1 0 0 1 0 0 1 0 0 1 0 0 1 0 0 1 0 0 1 0 0 1 0 0 1 0 0 1 0 0 1 0 0 1 0 0 1 0 0 1 0 0 1 0 0 1 0 0 1 0 0 1 0 0 1 0 0 1 0 0 1 0 0 1 0 0 1 0 0 1 0 0 1 0 0 1 0 0 1 0 0 1 0 0 1 0 0 1 0 0 1 0 0 1 0 0 1 0 0 1 0 0 1 0 0 1 0 0 1 0 0 1 0 0 1 0 0 1 0 0 1 0 0 1 0 0 1 0 0 1 0 0 1 0 0 1 0 0 1 0 0 1 0 0 1 0 0 1 0 0 1 0 0 1 0 0 1 0 0 1 0 0 1 0 0 1 0 0 1 0 0 1 0 0 1 0 0 1 0 0 1 0 0 1 0 0 1 0 0 1 0 0 1 0 0 1 0 0 1 0 0 1 0 0 1 0 0 1 0 0 1 0 0 1 0 0 1 0 0 1 0 0 1 0 0 1 0 0 -1 0 0 -1 0 0 -1 0 -0 -1 0 0 -1 0 0 -1 0 0 -1 0 0 -1 0 -0 -1 0 0 -1 0 0 -1 0 -0 -1 0 0 -1 0 0 -1 0 0 -1 0 0 -1 0 -0 -1 0 0 -1 0 0 -1 0 -0 -1 0 0 -1 0 0 -1 0 0 -1 0 0 -1 0 -0 -1 0 0 -1 0 0 -1 0 -0 -1 0 0 -1 0 0 -1 0 0 -1 0 -0 -1 0 0 -1 0 0 -1 0 0 -1 0 -0 -1 0 0 -1 0 0 -1 0 0 -1 0 -0 -1 0 0 -1 0 0 -1 0 0 -1 0 -0 -1 0 0 -1 0 0 -1 0 0 -1 0 0 -1 0 -0 -1 0 0 -1 0 0 -1 0 -0 -1 0 0 -1 0 0 -1 0 0 -1 0 0 -1 0 -0 -1 0 0 -1 0 0 -1 0 -0 -1 0 0 -1 0 0 -1 0 0 -1 0 -0 -1 0 0 -1 0 0 -1 0 0 -1 0 -0 -1 0 0 -1 0 0 -1 0 0 -1 0 -0 -1 0 0 -1 0 0 -1 0 0 -1 0 -0 -1 0 0 -1 0 0 -1 0 0 -1 0 0 -1 0 -0 -1 0 0 -1 0 0 -1 0 -0 -1 0 0 -1 0 0 -1 0 0 -1 0 -0 -1 0 0 -1 0 0 -1 0 0 -1 0 -0 -1 0 0 -1 0 0 -1 0 0 -1 0 0 -1 0 -0 -1 0 0 -1 0 0 -1 0 -0 -1 0 0 -1 0 0 -1 0 0 -1 0 -0 -1 0 0 -1 0 0 -1 0 0 -1 0 -0 -1 0 0 -1 0 0 -1 0 0 -1 0 -0 -1 0 0 -1 0 0 -1 0 0 -1 0 -0 -1 0 0 -1 0 0 -1 0 0 -1 0 -0 -1 0 0 -1 0 0 -1 0 0 -1 0 -0 -1 0 0 -1 0 0 -1 0 0 -1 0 0 -1 0 -0 -1 0 0 -1 0 0 -1 0 0 -1 0 -0 -1 0 0 -1 0 0 -1 0 0 -1 0 0 -1 0 -0 -1 0 0 -1 0 0 -1 0 -0 -1 0 0 -1 0 0 -1 0 0 -1 0 0 -1 0 0 -1 0 0 -1 0 0 -1 0 0 -1 0 0 -1 0 0 -1 0 0 -1 0 0 -1 0 0 -1 0 0 -1 0 0 -1 0 0 -1 0 0 -1 0 0 -1 0 0 -1 0 -0 -1 0 0 -1 0 -0 -1 0 0 -1 0 0 -1 0 -0 -1 0 0 -1 0 0 -1 0 -0 -1 0 0 -1 0 -0 -1 0 0 -1 0 0 -1 0 -0 -1 0 0 -1 0 -0 -1 0 0 -1 0 -0 -1 0 0 -1 0 -0 -1 0 0 -1 0 -0 -1 0 0 -1 0 -0 -1 0 0 -1 0 0 -1 0 -0 -1 0 0 -1 0 -0 -1 0 0 -1 0 -0 -1 0 0 -1 0 -0 -1 0 0 -1 0 -0 -1 0 0 -1 0 -0 -1 0 0 -1 0 -0 -1 0 0 -1 0 -0 -1 0 0 -1 0 -0 -1 0 0 -1 0 -0 -1 0 -0 -1 0 0 -1 0 0 -1 0 0 -1 0 -0 -1 0 0 -1 0 -0 -1 0 -0 -1 0 0 -1 0 0 -1 0 -0 -1 0 -0 -1 0 0 -1 0 0 -1 0 -0 -1 0 0 -1 0 -0 -1 0 -0 -1 0 0 -1 0 0 -1 0 -0 -1 0 0 -1 0 0 -1 0 -0 -1 0 0 -1 0 -0 -1 0 -0 -1 0 0 -1 0 -0 -1 0 0 -1 0 0 -1 0 -0 -1 0 0 -1 0 -0 -1 0 0 -1 0 -0 -1 0 0 -1 0 -0 -1 0 0 -1 0 0 -1 0 -0 -1 0 0 -1 0 -0 -1 0 0 -1 0 -0 -1 0 -0 -1 0 0 -1 0 0 -1 0 -0 -1 0 -0 -1 0 0 -1 0 0 -1 0 -0 -1 0 -0 -1 0 0 -1 0 0 -1 0 0 -1 0 0 -1 0 0 -1 0 0 -1 0 0 -1 0 0 -1 0 0 -1 0 0 -1 0 0 -1 0 0 -1 0 0 -1 0 0 -1 0 0 -1 0 0 -1 0 0 -1 0 0 -1 0 0 -1 0 0 -1 0 0 -1 0 0 -1 0 0 -1 0 0 -1 0 0 -1 0 0 -1 0 0 -1 0 0 -1 0 0 -1 0 0 -1 0 0 -1 0 0 -1 0 0 -1 0 0 -1 0 0 -1 0 0 -1 0 0 -1 0 0 -1 0 0 -1 0 0 -1 0 0 -1 0 0 -1 0 0 -1 0 0 -1 0 0 -1 0 0 -1 0 0 -1 0 0 -1 0 0 -1 0 0 -1 0 0 -1 0 0 -1 0 0 -1 0 0 -1 0 0 -1 0 0 -1 0 0 -1 0 0 -1 0 0 -1 0 0 -1 0 0 -1 0 0 -1 0 0 -1 0 0 -1 0 0 -1 0 0 -1 0 0 -1 0 0 -1 0 0 -1 0 0 -1 0 0 -1 0 0 -1 0 0 -1 0 0 -1 0 0 -1 0 0 -1 0 0 -1 0 0 -1 0 0 -1 0 0 -1 0 0 -1 0 0 -1 0 0 -1 0 0 -1 0 0 -1 0 0 -1 0 0 -1 0 0 -1 0 0 -1 0 0 -1 0 0 -1 0 0 -1 0 0 -1 0 0 -1 0 0 -1 0 0 -1 0 0 -1 0 0 -1 0 0 -1 0 0 -1 0 0 -1 0 0 -1 0 0 -1 0 0 -1 0 0 -1 0 0 -1 0 0 -1 0 0 -1 0 0 -1 0 0 -1 0 0 -1 0 0 -1 0 0 -1 0 0 -1 0 0 -1 0 0 -1 0 0 -1 0 0 -1 0 0 -1 0 0 -1 0 0 -1 0 0 -1 0 0 -1 0 0 -1 0 0 -1 0 0 -1 0 0 -1 0 0 -1 0 0 -1 0 0 -1 0 0 -1 0 0 -1 0 0 -1 0 0 -1 0 0 -1 0 0 -1 0 0 -1 0 0 -1 0 0 -1 0 0 -1 0 0 -1 0 0 -1 0 0 -1 0 0 -1 0 0 -1 0 0 -1 0 0 -1 0 0 -1 0 0 -1 0 0 -1 0 0 -1 0 0 -1 0 0 -1 0 0 -1 0 0 -1 0 0 -1 0 0 -1 0 0 -1 0 0 -1 0 0 -1 0 0 -1 0 0 -1 0 0 -1 0 0 -1 0 0 -1 0 0 -1 0 0 -1 0 0 -1 0 0 -1 0 0 -1 0 0 -1 0 0 -1 0 0 -1 0 0 -1 0 0 -1 0 0 -1 0 0 -1 0 0 -1 0 0 -1 0 0 -1 0 0 -1 0 0 -1 0 0 -1 0 -0 -1 0 0 -1 0 -0 -1 0 0 -1 0 -0 -1 0 0 -1 0 0 -1 0 -0 -1 0 0 -1 0 -0 -1 0 0 -1 0 -0 -1 0 0 -1 0 0 -1 0 -0 -1 0 0 -1 0 0 -1 0 -0 -1 0 -0 -1 0 0 -1 0 0 -1 0 -0 -1 0 0 -1 0 -0 -1 0 0 -1 0 -0 -1 0 0 -1 0 0 -1 0 -0 -1 0 0 -1 0 -0 -1 0 0 -1 0 -0 -1 0 0 -1 0 -0 -1 0 0 -1 0 0 -1 0 -0 -1 0 0 -1 0 -0 -1 0 0 -1 0 -0 -1 0 0 -1 0 0 -1 0 -0 -1 0 0 -1 0 0 -1 0 -0 -1 0 0 -1 0 -0 -1 0 0 -1 0 -0 -1 0 0 -1 0 0 -1 0 -0 -1 0 0 -1 0 -0 -1 0 0 -1 0 -0 -1 0 0 -1 0 -0 -1 0 0 -1 0 -0 -1 0 0 -1 0 0 -1 0 -0 -1 0 0 -1 0 -0 -1 0 0 -1 0 -0 -1 0 0 -1 0 0 -1 0 -0 -1 0 0 -1 0 -0 -1 0 0 -1 0 0 -1 0 -0 -1 0 0 -1 0 -0 -1 0 0 -1 0 -0 -1 0 0 -1 0 0 -1 0 -0 -1 0 0 -1 0 0 -1 0 -0 -1 0 0 -1 0 -0 -1 0 0 -1 0 0 -1 0 -0 -1 0 0 -1 0 -0 -1 0 0 -1 0 -0 -1 0 0 -1 0 0 -1 0 -0 -1 0 0 -1 0 -0 -1 0 -0 -1 0 0 -1 0 0 -1 0 -0 -1 0 0 -1 0 -0 -1 0 0 -1 0 -0 -1 0 0 -1 0 0 -1 0 -0 -1 0 0 -1 0 -0 -1 0 0 -1 0 -0 -1 0 0 -1 0 0 -1 0 0 -1 0 -0 -1 0 0 -1 0 -0 -1 0 0 -1 0 -0 -1 0 0 -1 0 0 -1 0 -0 -1 0 0 -1 0 0 -1 0 -0 -1 0 0 -1 0 0 -1 0 0 -1 0 -0 -1 0 0 -1 0 0 -1 0 -0 -1 0 0 -1 0 0 -1 0 0 -1 0 -0 -1 0 0 -1 0 0 -1 0 0 -1 0 0 -1 0 -0 -1 0 0 -1 0 -0 -1 0 0 -1 0 0 -1 0 -0 -1 0 0 -1 0 0 -1 0 0 -1 0 0 -1 0 -0 -1 0 0 -1 0 0 -1 0 0 -1 0 -0 -1 0 0 -1 0 -0 -1 0 0 -1 0 0 -1 0 0 -1 0 0 -1 0 0 -1 0 -0 -1 0 -0 -1 0 0 -1 0 -0 -1 0 0 -1 0 -0 -1 0 0 -1 0 0 -1 0 0 -1 0 -0 -1 0 0 -1 0 0 -1 0 -0 -1 0 0 -1 0 0 -1 0 -0 -1 0 0 -1 0 0 -1 0 -0 -1 0 0 -1 0 0 -1 0 0 -1 0 -0 -1 0 0 -1 0 0 -1 0 -0 -1 0 0 -1 0 0 -1 0 0 -1 0 -0 -1 0 0 -1 0 0 -1 0 0 -1 0 -0 -1 0 0 -1 0 0 -1 0 0 -1 0 -0 -1 0 0 -1 0 0 -1 0 -0 -1 0 0 -1 0 0 -1 0 0 -1 0 -0 -1 0 0 -1 0 0 -1 0 -0 -1 0 0 -1 0 0 -1 0 -0 -1 0 0 -1 0 0 -1 0 0 -1 0 -0 -1 0 0 -1 0 0 -1 0 0 -1 0 -0 -1 0 0 -1 0 0 -1 0 0 -1 0 -0 -1 0 0 -1 0 0 -1 0 -0 -1 0 0 -1 0 0 -1 0 0 -1 0 -0 -1 0 0 -1 0 0 -1 0 -0 -1 0 0 -1 0 0 -1 0 0 -1 0 -0 -1 0 0 -1 0 0 -1 0 0 -1 0 -0 -1 0 0 -1 0 0 -1 0 0 -1 0 -0 -1 0 0 -1 0 0 -1 0 0 -1 0 -0 -1 0 0 -1 0 0 -1 0 0 -1 0 -0 -1 0 0 -1 0 -0 -1 0 0 -1 0 0 -1 0 -0 -1 0 0 -1 0 0 -1 0 0 -1 0 -0 -1 0 0 -1 0 0 -1 0 0 -1 0 -0 -1 0 0 -1 0 0 -1 0 -0 -1 0 0 -1 0 0 -1 0 0 -1 0 -0 -1 0 0 -1 0 0 -1 0 0 -1 0 -0 -1 0 0 -1 0 0 -1 0 -0 -1 0 0 -1 0 0 -1 0 -0 -1 0 0 -1 0 0 -1 0 0 -1 0 -0 -1 0 0 -1 0 0 -1 0 0 -1 0 -0 -1 0 0 -1 0 0 -1 0 0 -1 0 -0 -1 0 0 -1 0 0 -1 0 -0 -1 0 0 -1 0 0 -1 0 -0 -1 0 0 -1 0 0 -1 0 0 -1 0 -0 -1 0 0 -1 0 0 -1 0 0 -1 0 -0 -1 0 0 -1 0 0 -1 0 -0 -1 0 0 -1 0 0 -1 0 0 -1 0 0 -1 0 -0 -1 0 0 -1 0 0 -1 0 -0 -1 0 0 -1 0 0 -1 0 0 -1 0 -0 -1 0 0 -1 0 0 -1 0 -0 -1 0 0 -1 0 0 -1 0 0 -1 0 -0 -1 0 0 -1 0 0 -1 0 -0 -1 0 0 -1 0 0 -1 0 0 -1 0 0 -1 0 -0 -1 0 0 -1 0 -0 -1 0 0 -1 0 0 -1 0 -0 -1 0 0 -1 0 0 -1 0 0 -1 0 -0 -1 0 0 -1 0 0 -1 0 0 -1 0 -0 -1 0 0 -1 0 0 -1 0 -0 -1 0 0 -1 0 0 -1 0 0 -1 0 -0 -1 0 0 -1 0 0 -1 0 0 -1 0 -0 -1 0 0 -1 0 0 -1 0 -0 -1 0 0 -1 0 0 -1 0 -0 -1 0 0 -1 0 0 -1 0 0 -1 0 -0 -1 0 0 -1 0 0 -1 0 0 -1 0 -0 -1 0 0 -1 0 0 -1 0 -0 -1 0 0 -1 0 0 -1 0 0 -1 0 -0 -1 0 0 -1 0 0 -1 0 -0 -1 0 0 -1 0 0 -1 0 0 -1 0 0 -1 0 -0 -1 0 0 -1 0 0 -1 0 -0 -1 0 0 -1 0 0 -1 0 0 -1 0 -0 -1 0 0 -1 0 0 -1 0 -0 -1 0 0 -1 0 0 -1 0 0 -1 0 -0 -1 0 0 -1 0 0 -1 0 0 -1 0 -0 -1 0 0 -1 0 0 -1 0 -0 -1 0 0 -1 0 -0 -1 0 0 -1 0 0 -1 0 0 -1 0 0 -1 0 -0 -1 0 0 -1 0 0 -1 0 0 -1 0 -0 -1 0 0 -1 0 0 -1 0 -0 -1 0 0 -1 0 0 -1 0 0 -1 0 -0 -1 0 0 -1 0 -0 -1 0 0 -1 0 0 -1 0 0 -1 0 -0 -1 0 0 -1 0 0 -1 0 0 -1 0 -0 -1 0 0 -1 0 0 -1 0 0 -1 0 0 -1 0 -0 -1 0 0 -1 0 0 -1 0 -0 -1 0 0 -1 0 0 -1 0 -0 -1 0 0 -1 0 0 -1 0 0 -1 0 -0 -1 0 0 -1 0 0 -1 0 0 -1 0 -0 -1 0 0 -1 0 0 -1 0 0 -1 0 -0 -1 0 0 -1 0 0 -1 0 0 -1 1 0 0 1 0 0 0 -1 -0 -0 -1 0 -1 0 0 -1 0 0 0 1 0 -0 1 0 1 0 0 1 0 0 0 1 0 -0 1 0 0 0 1 0 0 1 0 0 1 0 0 1 0 0 -1 0 0 -1 0 -0 -1 0 0 -1 0 -0 -1 0 0 -1 0 0 -1 0 0 -1 0 0 -1 0 0 -1 0 0 1 0 0 1 0 0 1 0 0 1 0 0 1 0 0 1 -1 0 0 -1 0 0 0 -1 -0 -0 -1 0 1 0 0 1 0 0 0 1 0 -0 1 0 1 0 0 1 0 0 0 -1 -0 -0 -1 0 1 0 0 1 0 0 0 1 0 -0 1 0</float_array>
          <technique_common>
            <accessor count="3720" source="#cubenormals-array0-array" stride="3">
              <param type="float" name="X"/>
              <param type="float" name="Y"/>
              <param type="float" name="Z"/>
            </accessor>
          </technique_common>
        </source>
        <vertices id="cubeverts-array0-vertices">
          <input semantic="POSITION" source="#cubeverts-array0"/>
        </vertices>
        <triangles count="3720" material="ref_Mesh">
          <input offset="0" semantic="VERTEX" source="#cubeverts-array0-vertices"/>
          <input offset="1" semantic="NORMAL" source="#cubenormals-array0"/>
          <p>0 0 1 0 2 0 0 1 3 1 1 1 3 2 4 2 1 2 3 3 5 3 4 3 5 4 6 4 4 4 5 5 7 5 6 5 7 6 8 6 6 6 7 7 9 7 8 7 9 8 10 8 8 8 9 9 11 9 10 9 11 10 12 10 10 10 11 11 13 11 12 11 13 12 14 12 12 12 13 13 15 13 14 13 14 14 15 14 16 14 15 15 17 15 16 15 16 16 17 16 18 16 17 17 19 17 18 17 18 18 19 18 20 18 20 19 21 19 22 19 19 20 21 20 20 20 22 21 23 21 24 21 21 22 23 22 22 22 23 23 25 23 24 23 24 24 25 24 26 24 25 25 27 25 26 25 26 26 27 26 28 26 27 27 29 27 28 27 28 28 29 28 30 28 29 29 31 29 30 29 30 30 31 30 32 30 32 31 33 31 34 31 31 32 33 32 32 32 34 33 35 33 36 33 33 34 35 34 34 34 36 35 37 35 38 35 35 36 37 36 36 36 38 37 39 37 40 37 37 38 39 38 38 38 40 39 41 39 42 39 39 40 41 40 40 40 42 41 43 41 44 41 41 42 43 42 42 42 44 43 45 43 46 43 43 44 45 44 44 44 46 45 47 45 48 45 45 46 47 46 46 46 48 47 49 47 50 47 47 48 49 48 48 48 50 49 51 49 52 49 49 50 51 50 50 50 52 51 53 51 54 51 51 52 53 52 52 52 54 53 55 53 56 53 53 54 55 54 54 54 56 55 57 55 58 55 55 56 57 56 56 56 58 57 59 57 60 57 57 58 59 58 58 58 60 59 61 59 62 59 59 60 61 60 60 60 62 61 63 61 64 61 61 62 63 62 62 62 64 63 65 63 66 63 63 64 65 64 64 64 66 65 67 65 68 65 65 66 67 66 66 66 68 67 69 67 70 67 67 68 69 68 68 68 70 69 71 69 72 69 69 70 71 70 70 70 72 71 73 71 74 71 71 72 73 72 72 72 73 73 75 73 74 73 74 74 75 74 76 74 75 75 77 75 76 75 76 76 77 76 78 76 77 77 79 77 78 77 78 78 79 78 80 78 79 79 81 79 80 79 80 80 81 80 82 80 81 81 83 81 82 81 82 82 83 82 84 82 83 83 85 83 84 83 84 84 85 84 86 84 86 85 87 85 88 85 85 86 87 86 86 86 88 87 89 87 90 87 87 88 89 88 88 88 90 89 91 89 92 89 89 90 91 90 90 90 92 91 93 91 94 91 91 92 93 92 92 92 94 93 95 93 96 93 93 94 95 94 94 94 96 95 97 95 98 95 95 96 97 96 96 96 98 97 99 97 100 97 97 98 99 98 98 98 100 99 101 99 102 99 99 100 101 100 100 100 102 101 103 101 104 101 101 102 103 102 102 102 104 103 105 103 106 103 103 104 105 104 104 104 106 105 107 105 108 105 105 106 107 106 106 106 108 107 109 107 110 107 107 108 109 108 108 108 110 109 111 109 112 109 109 110 111 110 110 110 112 111 113 111 114 111 111 112 113 112 112 112 114 113 115 113 116 113 113 114 115 114 114 114 116 115 117 115 118 115 115 116 117 116 116 116 118 117 119 117 120 117 117 118 119 118 118 118 120 119 121 119 122 119 119 120 121 120 120 120 122 121 123 121 124 121 121 122 123 122 122 122 123 123 125 123 124 123 124 124 125 124 126 124 125 125 127 125 126 125 126 126 127 126 128 126 127 127 129 127 128 127 128 128 129 128 130 128 129 129 131 129 130 129 130 130 131 130 132 130 131 131 133 131 132 131 132 132 133 132 134 132 133 133 135 133 134 133 134 134 135 134 136 134 135 135 137 135 136 135 136 136 137 136 138 136 137 137 139 137 138 137 138 138 139 138 140 138 139 139 141 139 140 139 140 140 141 140 142 140 141 141 143 141 142 141 142 142 143 142 144 142 143 143 145 143 144 143 144 144 145 144 146 144 145 145 147 145 146 145 146 146 147 146 148 146 147 147 149 147 148 147 148 148 149 148 150 148 149 149 151 149 150 149 150 150 151 150 152 150 151 151 153 151 152 151 152 152 153 152 154 152 153 153 155 153 154 153 154 154 155 154 156 154 156 155 157 155 158 155 155 156 157 156 156 156 158 157 159 157 160 157 157 158 159 158 158 158 160 159 161 159 162 159 159 160 161 160 160 160 162 161 163 161 164 161 161 162 163 162 162 162 164 163 165 163 166 163 163 164 165 164 164 164 166 165 167 165 168 165 165 166 167 166 166 166 168 167 169 167 170 167 167 168 169 168 168 168 170 169 171 169 172 169 169 170 171 170 170 170 172 171 173 171 174 171 171 172 173 172 172 172 173 173 175 173 174 173 174 174 175 174 176 174 175 175 177 175 176 175 176 176 177 176 178 176 177 177 179 177 178 177 178 178 179 178 180 178 179 179 181 179 180 179 180 180 181 180 182 180 181 181 183 181 182 181 182 182 183 182 184 182 183 183 185 183 184 183 184 184 185 184 186 184 185 185 187 185 186 185 186 186 187 186 188 186 187 187 189 187 188 187 188 188 189 188 190 188 189 189 191 189 190 189 190 190 191 190 192 190 191 191 193 191 192 191 192 192 193 192 194 192 193 193 195 193 194 193 194 194 195 194 196 194 195 195 197 195 196 195 196 196 197 196 198 196 197 197 199 197 198 197 198 198 199 198 200 198 199 199 201 199 200 199 200 200 201 200 202 200 201 201 203 201 202 201 202 202 203 202 204 202 203 203 205 203 204 203 204 204 205 204 206 204 205 205 207 205 206 205 207 206 208 206 206 206 206 207 208 207 209 207 209 208 208 208 210 208 208 209 211 209 210 209 210 210 211 210 212 210 211 211 213 211 212 211 213 212 214 212 212 212 212 213 214 213 215 213 215 214 214 214 216 214 214 215 217 215 216 215 216 216 217 216 218 216 217 217 219 217 218 217 219 218 220 218 218 218 218 219 220 219 221 219 221 220 220 220 222 220 222 221 223 221 224 221 220 222 223 222 222 222 224 223 225 223 226 223 223 224 225 224 224 224 225 225 227 225 226 225 226 226 227 226 228 226 227 227 229 227 228 227 229 228 230 228 228 228 228 229 230 229 231 229 231 230 230 230 232 230 230 231 233 231 232 231 232 232 233 232 234 232 233 233 235 233 234 233 234 234 236 234 237 234 237 235 236 235 238 235 235 236 236 236 234 236 236 237 239 237 238 237 238 238 240 238 241 238 241 239 240 239 242 239 239 240 240 240 238 240 242 241 243 241 244 241 240 242 243 242 242 242 244 243 245 243 246 243 243 244 245 244 244 244 245 245 247 245 246 245 246 246 248 246 249 246 249 247 248 247 250 247 247 248 248 248 246 248 248 249 251 249 250 249 250 250 252 250 253 250 253 251 252 251 254 251 251 252 252 252 250 252 254 253 255 253 256 253 252 254 255 254 254 254 255 255 257 255 256 255 256 256 258 256 259 256 259 257 258 257 260 257 257 258 258 258 256 258 258 259 261 259 260 259 260 260 262 260 263 260 261 261 262 261 260 261 263 262 264 262 265 262 265 263 264 263 266 263 262 264 264 264 263 264 264 265 267 265 266 265 266 266 268 266 269 266 269 267 268 267 270 267 267 268 268 268 266 268 268 269 271 269 270 269 270 270 272 270 273 270 271 271 272 271 270 271 273 272 274 272 275 272 275 273 274 273 276 273 272 274 274 274 273 274 274 275 277 275 276 275 277 276 278 276 276 276 276 277 278 277 279 277 278 278 280 278 279 278 279 279 280 279 281 279 281 280 280 280 282 280 280 281 283 281 282 281 283 282 284 282 282 282 282 283 284 283 285 283 284 284 286 284 285 284 285 285 286 285 287 285 287 286 286 286 288 286 286 287 289 287 288 287 288 288 290 288 291 288 291 289 290 289 292 289 289 290 290 290 288 290 290 291 293 291 292 291 293 292 294 292 292 292 292 293 294 293 295 293 295 294 294 294 296 294 294 295 297 295 296 295 296 296 298 296 299 296 297 297 298 297 296 297 299 298 300 298 301 298 298 299 300 299 299 299 301 300 302 300 303 300 303 301 302 301 304 301 300 302 302 302 301 302 302 303 305 303 304 303 304 304 306 304 307 304 305 305 306 305 304 305 307 306 308 306 309 306 306 307 308 307 307 307 309 308 310 308 311 308 308 309 310 309 309 309 311 310 312 310 313 310 310 311 312 311 311 311 313 312 314 312 315 312 312 313 314 313 313 313 315 314 316 314 317 314 314 315 316 315 315 315 317 316 318 316 319 316 319 317 318 317 320 317 316 318 318 318 317 318 320 319 321 319 322 319 318 320 321 320 320 320 321 321 323 321 322 321 322 322 324 322 325 322 323 323 324 323 322 323 325 324 326 324 327 324 324 325 326 325 325 325 326 326 328 326 327 326 327 327 328 327 329 327 328 328 330 328 329 328 329 329 330 329 331 329 330 330 332 330 331 330 331 331 332 331 333 331 332 332 334 332 333 332 333 333 334 333 335 333 335 334 334 334 336 334 334 335 337 335 336 335 337 336 338 336 336 336 336 337 338 337 339 337 338 338 340 338 339 338 339 339 340 339 341 339 340 340 342 340 341 340 341 341 342 341 343 341 342 342 344 342 343 342 343 343 344 343 345 343 345 344 344 344 346 344 344 345 347 345 346 345 347 346 348 346 346 346 346 347 348 347 349 347 348 348 350 348 349 348 349 349 350 349 351 349 351 350 350 350 352 350 350 351 353 351 352 351 353 352 354 352 352 352 352 353 354 353 355 353 355 354 356 354 357 354 354 355 356 355 355 355 357 356 358 356 359 356 356 357 358 357 357 357 359 358 360 358 361 358 361 359 360 359 362 359 358 360 360 360 359 360 360 361 363 361 362 361 362 362 364 362 365 362 363 363 364 363 362 363 365 364 366 364 367 364 364 365 366 365 365 365 367 366 368 366 369 366 366 367 368 367 367 367 369 368 370 368 371 368 368 369 370 369 369 369 371 370 372 370 373 370 370 371 372 371 371 371 373 372 374 372 375 372 372 373 374 373 373 373 375 374 376 374 377 374 377 375 376 375 378 375 374 376 376 376 375 376 376 377 379 377 378 377 379 378 380 378 378 378 378 379 380 379 381 379 380 380 382 380 381 380 381 381 382 381 383 381 382 382 384 382 383 382 383 383 384 383 385 383 384 384 386 384 385 384 385 385 386 385 387 385 386 386 388 386 387 386 387 387 388 387 389 387 388 388 390 388 389 388 389 389 390 389 391 389 390 390 392 390 391 390 391 391 392 391 393 391 393 392 392 392 394 392 392 393 395 393 394 393 395 394 396 394 394 394 394 395 396 395 397 395 396 396 398 396 397 396 397 397 398 397 399 397 398 398 400 398 399 398 399 399 400 399 401 399 400 400 402 400 401 400 401 401 402 401 403 401 403 402 402 402 404 402 402 403 405 403 404 403 405 404 406 404 404 404 404 405 406 405 407 405 406 406 408 406 407 406 407 407 408 407 409 407 408 408 410 408 409 408 409 409 410 409 411 409 410 410 412 410 411 410 411 411 412 411 413 411 413 412 412 412 414 412 412 413 415 413 414 413 415 414 416 414 414 414 414 415 416 415 417 415 416 416 418 416 417 416 417 417 418 417 419 417 418 418 420 418 419 418 419 419 420 419 421 419 421 420 422 420 423 420 420 421 422 421 421 421 423 422 424 422 425 422 425 423 424 423 426 423 422 424 424 424 423 424 424 425 427 425 426 425 427 426 428 426 426 426 426 427 428 427 429 427 428 428 430 428 429 428 429 429 430 429 431 429 430 430 432 430 431 430 431 431 432 431 433 431 432 432 434 432 433 432 433 433 434 433 435 433 434 434 436 434 435 434 435 435 436 435 437 435 437 436 438 436 439 436 436 437 438 437 437 437 439 438 440 438 441 438 438 439 440 439 439 439 441 440 442 440 443 440 440 441 442 441 441 441 443 442 444 442 445 442 442 443 444 443 443 443 445 444 446 444 447 444 444 445 446 445 445 445 447 446 448 446 449 446 446 447 448 447 447 447 449 448 450 448 451 448 448 449 450 449 449 449 451 450 452 450 453 450 450 451 452 451 451 451 453 452 454 452 455 452 452 453 454 453 453 453 455 454 456 454 457 454 454 455 456 455 455 455 457 456 458 456 459 456 459 457 458 457 460 457 456 458 458 458 457 458 458 459 461 459 460 459 460 460 462 460 463 460 461 461 462 461 460 461 463 462 464 462 465 462 462 463 464 463 463 463 465 464 466 464 467 464 464 465 466 465 465 465 467 466 468 466 469 466 466 467 468 467 467 467 469 468 470 468 471 468 468 469 470 469 469 469 471 470 472 470 473 470 470 471 472 471 471 471 473 472 474 472 475 472 472 473 474 473 473 473 475 474 476 474 477 474 474 475 476 475 475 475 476 476 478 476 477 476 477 477 478 477 479 477 478 478 480 478 479 478 479 479 480 479 481 479 480 480 482 480 481 480 481 481 482 481 483 481 482 482 484 482 483 482 483 483 484 483 485 483 484 484 486 484 485 484 485 485 486 485 487 485 486 486 488 486 487 486 487 487 488 487 489 487 488 488 490 488 489 488 489 489 490 489 491 489 490 490 492 490 491 490 491 491 492 491 493 491 493 492 494 492 495 492 492 493 494 493 493 493 495 494 496 494 497 494 494 495 496 495 495 495 497 496 498 496 499 496 496 497 498 497 497 497 499 498 500 498 501 498 498 499 500 499 499 499 501 500 502 500 503 500 500 501 502 501 501 501 503 502 504 502 505 502 502 503 504 503 503 503 505 504 506 504 507 504 504 505 506 505 505 505 507 506 508 506 509 506 506 507 508 507 507 507 509 508 510 508 511 508 508 509 510 509 509 509 511 510 512 510 513 510 510 511 512 511 511 511 513 512 514 512 515 512 512 513 514 513 513 513 515 514 516 514 517 514 517 515 516 515 518 515 514 516 516 516 515 516 516 517 519 517 518 517 518 518 520 518 521 518 519 519 520 519 518 519 521 520 522 520 523 520 520 521 522 521 521 521 523 522 524 522 525 522 522 523 524 523 523 523 525 524 526 524 527 524 527 525 526 525 528 525 524 526 526 526 525 526 526 527 529 527 528 527 529 528 530 528 528 528 528 529 530 529 531 529 530 530 532 530 531 530 531 531 532 531 533 531 532 532 534 532 533 532 533 533 534 533 535 533 534 534 536 534 535 534 535 535 536 535 537 535 536 536 538 536 537 536 537 537 538 537 539 537 538 538 540 538 539 538 539 539 540 539 541 539 540 540 542 540 541 540 541 541 542 541 543 541 542 542 544 542 543 542 543 543 544 543 545 543 544 544 546 544 545 544 545 545 546 545 547 545 546 546 548 546 547 546 547 547 548 547 549 547 548 548 550 548 549 548 549 549 550 549 551 549 550 550 552 550 551 550 551 551 552 551 553 551 552 552 554 552 553 552 553 553 554 553 555 553 554 554 556 554 555 554 555 555 556 555 557 555 556 556 558 556 557 556 557 557 558 557 559 557 559 558 560 558 561 558 558 559 560 559 559 559 561 560 562 560 563 560 563 561 562 561 564 561 560 562 562 562 561 562 562 563 565 563 564 563 564 564 566 564 567 564 565 565 566 565 564 565 567 566 568 566 569 566 566 567 568 567 567 567 569 568 570 568 571 568 568 569 570 569 569 569 571 570 572 570 573 570 570 571 572 571 571 571 573 572 574 572 575 572 572 573 574 573 573 573 575 574 576 574 577 574 574 575 576 575 575 575 577 576 578 576 579 576 576 577 578 577 577 577 578 578 580 578 579 578 579 579 580 579 581 579 580 580 582 580 581 580 581 581 582 581 583 581 582 582 584 582 583 582 583 583 584 583 585 583 584 584 586 584 585 584 585 585 586 585 587 585 587 586 586 586 588 586 586 587 589 587 588 587 588 588 589 588 590 588 589 589 591 589 590 589 591 590 592 590 590 590 590 591 592 591 593 591 592 592 594 592 593 592 593 593 594 593 595 593 594 594 596 594 595 594 595 595 596 595 597 595 596 596 598 596 597 596 597 597 598 597 599 597 598 598 600 598 599 598 599 599 600 599 601 599 600 600 602 600 601 600 601 601 602 601 603 601 602 602 604 602 603 602 603 603 604 603 605 603 604 604 606 604 605 604 605 605 606 605 607 605 607 606 606 606 608 606 606 607 609 607 608 607 609 608 610 608 608 608 608 609 610 609 611 609 610 610 612 610 611 610 611 611 612 611 613 611 612 612 614 612 613 612 613 613 614 613 615 613 614 614 616 614 615 614 615 615 616 615 617 615 616 616 618 616 617 616 617 617 618 617 619 617 618 618 620 618 619 618 619 619 620 619 621 619 621 620 620 620 622 620 620 621 623 621 622 621 623 622 624 622 622 622 622 623 624 623 625 623 625 624 626 624 627 624 624 625 626 625 625 625 627 626 628 626 629 626 626 627 628 627 627 627 628 628 630 628 629 628 629 629 630 629 631 629 630 630 632 630 631 630 631 631 632 631 633 631 632 632 634 632 633 632 633 633 634 633 635 633 634 634 636 634 635 634 635 635 636 635 637 635 636 636 638 636 637 636 637 637 638 637 639 637 639 638 640 638 641 638 638 639 640 639 639 639 641 640 642 640 643 640 643 641 642 641 644 641 640 642 642 642 641 642 644 643 645 643 646 643 642 644 645 644 644 644 645 645 647 645 646 645 646 646 648 646 649 646 647 647 648 647 646 647 649 648 650 648 651 648 648 649 650 649 649 649 651 650 652 650 653 650 653 651 652 651 654 651 650 652 652 652 651 652 652 653 655 653 654 653 654 654 656 654 657 654 655 655 656 655 654 655 657 656 658 656 659 656 659 657 658 657 660 657 656 658 658 658 657 658 658 659 661 659 660 659 660 660 662 660 663 660 661 661 662 661 660 661 663 662 664 662 665 662 662 663 664 663 663 663 665 664 666 664 667 664 664 665 666 665 665 665 667 666 668 666 669 666 666 667 668 667 667 667 669 668 670 668 671 668 668 669 670 669 669 669 671 670 672 670 673 670 670 671 672 671 671 671 673 672 674 672 675 672 672 673 674 673 673 673 675 674 676 674 677 674 674 675 676 675 675 675 677 676 678 676 679 676 676 677 678 677 677 677 678 678 680 678 679 678 679 679 680 679 681 679 680 680 682 680 681 680 681 681 682 681 683 681 682 682 684 682 683 682 683 683 684 683 685 683 684 684 686 684 685 684 685 685 686 685 687 685 686 686 688 686 687 686 687 687 688 687 689 687 688 688 690 688 689 688 689 689 690 689 691 689 690 690 692 690 691 690 691 691 692 691 693 691 693 692 692 692 694 692 692 693 695 693 694 693 694 694 696 694 697 694 695 695 696 695 694 695 697 696 698 696 699 696 696 697 698 697 697 697 699 698 700 698 701 698 701 699 700 699 702 699 698 700 700 700 699 700 700 701 703 701 702 701 702 702 704 702 705 702 703 703 704 703 702 703 705 704 706 704 707 704 704 705 706 705 705 705 707 706 708 706 709 706 706 707 708 707 707 707 709 708 710 708 711 708 708 709 710 709 709 709 711 710 712 710 713 710 710 711 712 711 711 711 713 712 714 712 715 712 712 713 714 713 713 713 715 714 716 714 717 714 717 715 716 715 718 715 714 716 716 716 715 716 716 717 719 717 718 717 718 718 720 718 721 718 719 719 720 719 718 719 721 720 722 720 723 720 720 721 722 721 721 721 723 722 724 722 725 722 722 723 724 723 723 723 725 724 726 724 727 724 724 725 726 725 725 725 727 726 728 726 729 726 726 727 728 727 727 727 728 728 730 728 729 728 729 729 730 729 731 729 730 730 732 730 731 730 731 731 732 731 733 731 732 732 734 732 733 732 733 733 734 733 735 733 734 734 736 734 735 734 735 735 736 735 737 735 737 736 736 736 738 736 736 737 739 737 738 737 739 738 740 738 738 738 738 739 740 739 741 739 740 740 742 740 741 740 741 741 742 741 743 741 742 742 744 742 743 742 743 743 744 743 745 743 744 744 746 744 745 744 745 745 746 745 747 745 746 746 748 746 747 746 747 747 748 747 749 747 748 748 750 748 749 748 749 749 750 749 751 749 750 750 752 750 751 750 751 751 752 751 753 751 752 752 754 752 753 752 753 753 754 753 755 753 754 754 756 754 755 754 755 755 756 755 757 755 757 756 756 756 758 756 756 757 759 757 758 757 759 758 760 758 758 758 758 759 760 759 761 759 761 760 762 760 763 760 760 761 762 761 761 761 763 762 764 762 765 762 765 763 764 763 766 763 762 764 764 764 763 764 764 765 767 765 766 765 766 766 768 766 769 766 767 767 768 767 766 767 769 768 770 768 771 768 771 769 770 769 772 769 768 770 770 770 769 770 770 771 773 771 772 771 772 772 774 772 775 772 775 773 774 773 776 773 773 774 774 774 772 774 774 775 777 775 776 775 776 776 778 776 779 776 777 777 778 777 776 777 779 778 780 778 781 778 778 779 780 779 779 779 780 780 782 780 781 780 781 781 782 781 783 781 783 782 782 782 784 782 782 783 785 783 784 783 784 784 785 784 786 784 785 785 787 785 786 785 787 786 788 786 786 786 786 787 788 787 789 787 788 788 790 788 789 788 789 789 790 789 791 789 790 790 792 790 791 790 791 791 792 791 793 791 792 792 794 792 793 792 793 793 794 793 795 793 794 794 796 794 795 794 795 795 796 795 797 795 797 796 796 796 798 796 796 797 799 797 798 797 799 798 800 798 798 798 799 799 801 799 800 799 801 800 802 800 800 800 801 801 803 801 802 801 803 802 804 802 802 802 803 803 805 803 804 803 805 804 806 804 804 804 805 805 807 805 806 805 808 806 809 806 810 806 808 807 811 807 809 807 812 808 810 808 813 808 812 809 808 809 810 809 814 810 813 810 815 810 814 811 812 811 813 811 816 812 815 812 817 812 816 813 814 813 815 813 818 814 817 814 819 814 818 815 816 815 817 815 820 816 819 816 821 816 820 817 818 817 819 817 822 818 821 818 823 818 822 819 820 819 821 819 824 820 823 820 825 820 824 821 822 821 823 821 826 822 825 822 827 822 826 823 824 823 825 823 828 824 827 824 829 824 828 825 826 825 827 825 830 826 829 826 831 826 830 827 828 827 829 827 832 828 831 828 833 828 832 829 830 829 831 829 834 830 833 830 835 830 834 831 832 831 833 831 836 832 835 832 837 832 836 833 834 833 835 833 838 834 837 834 839 834 838 835 836 835 837 835 840 836 839 836 841 836 840 837 838 837 839 837 842 838 841 838 843 838 842 839 840 839 841 839 844 840 843 840 845 840 844 841 842 841 843 841 846 842 844 842 845 842 846 843 845 843 847 843 848 844 846 844 847 844 848 845 847 845 849 845 850 846 848 846 849 846 850 847 849 847 851 847 852 848 850 848 851 848 852 849 851 849 853 849 854 850 852 850 853 850 854 851 853 851 855 851 856 852 854 852 855 852 856 853 855 853 857 853 858 854 857 854 859 854 858 855 856 855 857 855 860 856 859 856 861 856 860 857 858 857 859 857 862 858 861 858 863 858 862 859 860 859 861 859 864 860 863 860 865 860 864 861 862 861 863 861 866 862 865 862 867 862 866 863 867 863 868 863 866 864 864 864 865 864 869 865 866 865 868 865 870 866 868 866 871 866 870 867 869 867 868 867 872 868 871 868 873 868 872 869 870 869 871 869 874 870 873 870 875 870 874 871 872 871 873 871 876 872 875 872 877 872 876 873 874 873 875 873 878 874 877 874 879 874 878 875 876 875 877 875 880 876 879 876 881 876 880 877 878 877 879 877 882 878 881 878 883 878 882 879 880 879 881 879 884 880 883 880 885 880 884 881 882 881 883 881 886 882 885 882 887 882 886 883 884 883 885 883 888 884 887 884 889 884 888 885 889 885 890 885 888 886 886 886 887 886 891 887 888 887 890 887 892 888 890 888 893 888 892 889 891 889 890 889 894 890 893 890 895 890 894 891 892 891 893 891 896 892 895 892 897 892 896 893 897 893 898 893 896 894 894 894 895 894 899 895 896 895 898 895 900 896 899 896 898 896 900 897 898 897 901 897 902 898 900 898 901 898 902 899 901 899 903 899 904 900 902 900 903 900 904 901 903 901 905 901 906 902 904 902 905 902 906 903 905 903 907 903 908 904 906 904 907 904 908 905 907 905 909 905 910 906 908 906 909 906 910 907 909 907 911 907 912 908 910 908 911 908 912 909 911 909 913 909 914 910 912 910 913 910 914 911 913 911 915 911 916 912 914 912 915 912 916 913 915 913 917 913 918 914 916 914 917 914 918 915 917 915 919 915 920 916 918 916 919 916 920 917 919 917 921 917 920 918 921 918 922 918 923 919 920 919 922 919 924 920 923 920 922 920 924 921 922 921 925 921 926 922 925 922 927 922 926 923 927 923 928 923 926 924 924 924 925 924 929 925 926 925 928 925 930 926 928 926 931 926 930 927 931 927 932 927 930 928 929 928 928 928 933 929 932 929 934 929 933 930 930 930 932 930 935 931 933 931 934 931 936 932 934 932 937 932 936 933 937 933 938 933 936 934 935 934 934 934 939 935 936 935 938 935 940 936 938 936 941 936 940 937 939 937 938 937 942 938 941 938 943 938 942 939 940 939 941 939 944 940 943 940 945 940 944 941 942 941 943 941 946 942 945 942 947 942 946 943 944 943 945 943 948 944 946 944 947 944 948 945 947 945 949 945 950 946 948 946 949 946 950 947 949 947 951 947 952 948 950 948 951 948 952 949 951 949 953 949 954 950 952 950 953 950 954 951 953 951 955 951 956 952 954 952 955 952 956 953 955 953 957 953 958 954 956 954 957 954 958 955 957 955 959 955 960 956 958 956 959 956 960 957 959 957 961 957 960 958 961 958 962 958 963 959 960 959 962 959 964 960 963 960 962 960 964 961 962 961 965 961 966 962 964 962 965 962 966 963 965 963 967 963 968 964 966 964 967 964 968 965 967 965 969 965 970 966 968 966 969 966 970 967 969 967 971 967 972 968 970 968 971 968 972 969 971 969 973 969 974 970 972 970 973 970 974 971 973 971 975 971 974 972 975 972 976 972 977 973 974 973 976 973 978 974 977 974 976 974 978 975 976 975 979 975 980 976 978 976 979 976 980 977 979 977 981 977 980 978 981 978 982 978 983 979 980 979 982 979 984 980 983 980 982 980 984 981 982 981 985 981 986 982 984 982 985 982 986 983 985 983 987 983 988 984 986 984 987 984 988 985 987 985 989 985 990 986 988 986 989 986 990 987 989 987 991 987 992 988 991 988 993 988 992 989 990 989 991 989 994 990 993 990 995 990 994 991 992 991 993 991 996 992 995 992 997 992 996 993 997 993 998 993 996 994 994 994 995 994 999 995 996 995 998 995 1000 996 999 996 998 996 1000 997 998 997 1001 997 1002 998 1000 998 1001 998 1002 999 1001 999 1003 999 1004 1000 1002 1000 1003 1000 1004 1001 1003 1001 1005 1001 1006 1002 1004 1002 1005 1002 1006 1003 1005 1003 1007 1003 1008 1004 1009 1004 1010 1004 1008 1005 1006 1005 1007 1005 1008 1006 1007 1006 1009 1006 1011 1007 1008 1007 1010 1007 1012 1008 1010 1008 1013 1008 1012 1009 1011 1009 1010 1009 1014 1010 1013 1010 1015 1010 1014 1011 1012 1011 1013 1011 1016 1012 1015 1012 1017 1012 1016 1013 1017 1013 1018 1013 1016 1014 1014 1014 1015 1014 1019 1015 1016 1015 1018 1015 1020 1016 1018 1016 1021 1016 1020 1017 1019 1017 1018 1017 1022 1018 1021 1018 1023 1018 1022 1019 1020 1019 1021 1019 1024 1020 1023 1020 1025 1020 1024 1021 1022 1021 1023 1021 1026 1022 1025 1022 1027 1022 1026 1023 1024 1023 1025 1023 1028 1024 1027 1024 1029 1024 1028 1025 1026 1025 1027 1025 1030 1026 1029 1026 1031 1026 1030 1027 1028 1027 1029 1027 1032 1028 1031 1028 1033 1028 1032 1029 1030 1029 1031 1029 1034 1030 1033 1030 1035 1030 1034 1031 1035 1031 1036 1031 1034 1032 1032 1032 1033 1032 1037 1033 1034 1033 1036 1033 1038 1034 1036 1034 1039 1034 1038 1035 1039 1035 1040 1035 1038 1036 1037 1036 1036 1036 1041 1037 1038 1037 1040 1037 1042 1038 1040 1038 1043 1038 1042 1039 1041 1039 1040 1039 1044 1040 1043 1040 1045 1040 1044 1041 1042 1041 1043 1041 1046 1042 1045 1042 1047 1042 1046 1043 1044 1043 1045 1043 1048 1044 1046 1044 1047 1044 1048 1045 1047 1045 1049 1045 1048 1046 1049 1046 1050 1046 1051 1047 1048 1047 1050 1047 1051 1048 1050 1048 1052 1048 1053 1049 1051 1049 1052 1049 1053 1050 1052 1050 1054 1050 1055 1051 1053 1051 1054 1051 1056 1052 1055 1052 1054 1052 1056 1053 1054 1053 1057 1053 1058 1054 1056 1054 1057 1054 1058 1055 1057 1055 1059 1055 1060 1056 1059 1056 1061 1056 1060 1057 1061 1057 1062 1057 1060 1058 1058 1058 1059 1058 1063 1059 1062 1059 1064 1059 1063 1060 1060 1060 1062 1060 1065 1061 1063 1061 1064 1061 1066 1062 1064 1062 1067 1062 1066 1063 1065 1063 1064 1063 1068 1064 1067 1064 1069 1064 1068 1065 1066 1065 1067 1065 1070 1066 1069 1066 1071 1066 1070 1067 1068 1067 1069 1067 1072 1068 1071 1068 1073 1068 1072 1069 1070 1069 1071 1069 1074 1070 1073 1070 1075 1070 1074 1071 1072 1071 1073 1071 1076 1072 1075 1072 1077 1072 1076 1073 1074 1073 1075 1073 1078 1074 1077 1074 1079 1074 1078 1075 1079 1075 1080 1075 1078 1076 1076 1076 1077 1076 1081 1077 1078 1077 1080 1077 1082 1078 1080 1078 1083 1078 1082 1079 1081 1079 1080 1079 1084 1080 1083 1080 1085 1080 1084 1081 1082 1081 1083 1081 1086 1082 1085 1082 1087 1082 1086 1083 1087 1083 1088 1083 1086 1084 1084 1084 1085 1084 1089 1085 1086 1085 1088 1085 1090 1086 1088 1086 1091 1086 1090 1087 1089 1087 1088 1087 1092 1088 1091 1088 1093 1088 1092 1089 1090 1089 1091 1089 1094 1090 1093 1090 1095 1090 1094 1091 1092 1091 1093 1091 1096 1092 1095 1092 1097 1092 1096 1093 1094 1093 1095 1093 1098 1094 1097 1094 1099 1094 1098 1095 1099 1095 1100 1095 1098 1096 1096 1096 1097 1096 1101 1097 1098 1097 1100 1097 1102 1098 1101 1098 1100 1098 1102 1099 1100 1099 1103 1099 1104 1100 1102 1100 1103 1100 1104 1101 1103 1101 1105 1101 1106 1102 1104 1102 1105 1102 1106 1103 1105 1103 1107 1103 1108 1104 1106 1104 1107 1104 1108 1105 1107 1105 1109 1105 1108 1106 1109 1106 1110 1106 1111 1107 1108 1107 1110 1107 1111 1108 1110 1108 1112 1108 1113 1109 1111 1109 1112 1109 1113 1110 1112 1110 1114 1110 1115 1111 1113 1111 1114 1111 1116 1112 1115 1112 1114 1112 1116 1113 1114 1113 1117 1113 1116 1114 1117 1114 1118 1114 1119 1115 1116 1115 1118 1115 1119 1116 1118 1116 1120 1116 1121 1117 1119 1117 1120 1117 1122 1118 1121 1118 1120 1118 1122 1119 1120 1119 1123 1119 1122 1120 1123 1120 1124 1120 1125 1121 1122 1121 1124 1121 1126 1122 1125 1122 1124 1122 1126 1123 1124 1123 1127 1123 1126 1124 1127 1124 1128 1124 1129 1125 1126 1125 1128 1125 1130 1126 1128 1126 1131 1126 1130 1127 1129 1127 1128 1127 1132 1128 1131 1128 1133 1128 1132 1129 1130 1129 1131 1129 1134 1130 1133 1130 1135 1130 1134 1131 1132 1131 1133 1131 1136 1132 1135 1132 1137 1132 1136 1133 1134 1133 1135 1133 1138 1134 1137 1134 1139 1134 1138 1135 1139 1135 1140 1135 1138 1136 1136 1136 1137 1136 1141 1137 1140 1137 1142 1137 1141 1138 1138 1138 1140 1138 1143 1139 1141 1139 1142 1139 1144 1140 1142 1140 1145 1140 1144 1141 1143 1141 1142 1141 1146 1142 1145 1142 1147 1142 1146 1143 1144 1143 1145 1143 1148 1144 1147 1144 1149 1144 1148 1145 1149 1145 1150 1145 1148 1146 1146 1146 1147 1146 1151 1147 1148 1147 1150 1147 1152 1148 1151 1148 1150 1148 1152 1149 1150 1149 1153 1149 1154 1150 1152 1150 1153 1150 1154 1151 1153 1151 1155 1151 1156 1152 1154 1152 1155 1152 1156 1153 1155 1153 1157 1153 1158 1154 1156 1154 1157 1154 1158 1155 1157 1155 1159 1155 1160 1156 1158 1156 1159 1156 1160 1157 1159 1157 1161 1157 1162 1158 1160 1158 1161 1158 1162 1159 1161 1159 1163 1159 1162 1160 1163 1160 1164 1160 1165 1161 1162 1161 1164 1161 1165 1162 1164 1162 1166 1162 1167 1163 1165 1163 1166 1163 1168 1164 1167 1164 1166 1164 1168 1165 1166 1165 1169 1165 1168 1166 1169 1166 1170 1166 1171 1167 1168 1167 1170 1167 1171 1168 1170 1168 1172 1168 1173 1169 1171 1169 1172 1169 1173 1170 1172 1170 1174 1170 1175 1171 1173 1171 1174 1171 1176 1172 1175 1172 1174 1172 1176 1173 1174 1173 1177 1173 1178 1174 1176 1174 1177 1174 1178 1175 1177 1175 1179 1175 1180 1176 1178 1176 1179 1176 1180 1177 1179 1177 1181 1177 1182 1178 1180 1178 1181 1178 1182 1179 1181 1179 1183 1179 1184 1180 1182 1180 1183 1180 1184 1181 1183 1181 1185 1181 1184 1182 1185 1182 1186 1182 1187 1183 1184 1183 1186 1183 1188 1184 1187 1184 1186 1184 1188 1185 1186 1185 1189 1185 1190 1186 1188 1186 1189 1186 1190 1187 1189 1187 1191 1187 1192 1188 1190 1188 1191 1188 1192 1189 1191 1189 1193 1189 1194 1190 1193 1190 1195 1190 1194 1191 1192 1191 1193 1191 1196 1192 1195 1192 1197 1192 1196 1193 1194 1193 1195 1193 1198 1194 1197 1194 1199 1194 1198 1195 1196 1195 1197 1195 1200 1196 1198 1196 1199 1196 1200 1197 1199 1197 1201 1197 1202 1198 1200 1198 1201 1198 1202 1199 1201 1199 1203 1199 1204 1200 1202 1200 1203 1200 1204 1201 1203 1201 1205 1201 1206 1202 1204 1202 1205 1202 1206 1203 1205 1203 1207 1203 1208 1204 1206 1204 1207 1204 1208 1205 1207 1205 1209 1205 1210 1206 1208 1206 1209 1206 1210 1207 1209 1207 1211 1207 1212 1208 1211 1208 1213 1208 1212 1209 1210 1209 1211 1209 1214 1210 1213 1210 1215 1210 1214 1211 1212 1211 1213 1211 1216 1212 1215 1212 1217 1212 1216 1213 1214 1213 1215 1213 1218 1214 1217 1214 1219 1214 1218 1215 1219 1215 1220 1215 1218 1216 1216 1216 1217 1216 1221 1217 1218 1217 1220 1217 1222 1218 1220 1218 1223 1218 1222 1219 1223 1219 1224 1219 1222 1220 1221 1220 1220 1220 1225 1221 1222 1221 1224 1221 1226 1222 1224 1222 1227 1222 1226 1223 1225 1223 1224 1223 1228 1224 1227 1224 1229 1224 1228 1225 1229 1225 1230 1225 1228 1226 1226 1226 1227 1226 1231 1227 1228 1227 1230 1227 1232 1228 1230 1228 1233 1228 1232 1229 1231 1229 1230 1229 1234 1230 1233 1230 1235 1230 1234 1231 1232 1231 1233 1231 1236 1232 1235 1232 1237 1232 1236 1233 1234 1233 1235 1233 1238 1234 1237 1234 1239 1234 1238 1235 1236 1235 1237 1235 1240 1236 1239 1236 1241 1236 1240 1237 1238 1237 1239 1237 1242 1238 1241 1238 1243 1238 1242 1239 1240 1239 1241 1239 1244 1240 1243 1240 1245 1240 1244 1241 1242 1241 1243 1241 1246 1242 1245 1242 1247 1242 1246 1243 1247 1243 1248 1243 1246 1244 1244 1244 1245 1244 1249 1245 1246 1245 1248 1245 1250 1246 1249 1246 1248 1246 1250 1247 1248 1247 1251 1247 1252 1248 1250 1248 1251 1248 1252 1249 1251 1249 1253 1249 1252 1250 1253 1250 1254 1250 1255 1251 1252 1251 1254 1251 1256 1252 1255 1252 1254 1252 1256 1253 1254 1253 1257 1253 1256 1254 1257 1254 1258 1254 1259 1255 1256 1255 1258 1255 1260 1256 1259 1256 1258 1256 1260 1257 1258 1257 1261 1257 1262 1258 1261 1258 1263 1258 1262 1259 1260 1259 1261 1259 1264 1260 1263 1260 1265 1260 1264 1261 1262 1261 1263 1261 1266 1262 1265 1262 1267 1262 1266 1263 1267 1263 1268 1263 1266 1264 1264 1264 1265 1264 1269 1265 1266 1265 1268 1265 1270 1266 1268 1266 1271 1266 1270 1267 1269 1267 1268 1267 1272 1268 1271 1268 1273 1268 1272 1269 1270 1269 1271 1269 1274 1270 1273 1270 1275 1270 1274 1271 1272 1271 1273 1271 1276 1272 1275 1272 1277 1272 1276 1273 1274 1273 1275 1273 1278 1274 1277 1274 1279 1274 1278 1275 1276 1275 1277 1275 1280 1276 1279 1276 1281 1276 1280 1277 1278 1277 1279 1277 1282 1278 1281 1278 1283 1278 1282 1279 1280 1279 1281 1279 1284 1280 1283 1280 1285 1280 1284 1281 1282 1281 1283 1281 1286 1282 1285 1282 1287 1282 1286 1283 1284 1283 1285 1283 1288 1284 1287 1284 1289 1284 1288 1285 1286 1285 1287 1285 1290 1286 1289 1286 1291 1286 1290 1287 1291 1287 1292 1287 1290 1288 1288 1288 1289 1288 1293 1289 1290 1289 1292 1289 1294 1290 1292 1290 1295 1290 1294 1291 1293 1291 1292 1291 1296 1292 1295 1292 1297 1292 1296 1293 1294 1293 1295 1293 1298 1294 1297 1294 1299 1294 1298 1295 1296 1295 1297 1295 1300 1296 1299 1296 1301 1296 1300 1297 1298 1297 1299 1297 1302 1298 1300 1298 1301 1298 1302 1299 1301 1299 1303 1299 1304 1300 1302 1300 1303 1300 1304 1301 1303 1301 1305 1301 1306 1302 1304 1302 1305 1302 1306 1303 1305 1303 1307 1303 1306 1304 1307 1304 1308 1304 1309 1305 1306 1305 1308 1305 1310 1306 1309 1306 1308 1306 1310 1307 1308 1307 1311 1307 1312 1308 1310 1308 1311 1308 1312 1309 1311 1309 1313 1309 1314 1310 1312 1310 1313 1310 1314 1311 1313 1311 1315 1311 1316 1312 1314 1312 1315 1312 1316 1313 1315 1313 1317 1313 1318 1314 1316 1314 1317 1314 1318 1315 1317 1315 1319 1315 1320 1316 1318 1316 1319 1316 1320 1317 1319 1317 1321 1317 1322 1318 1320 1318 1321 1318 1322 1319 1321 1319 1323 1319 1324 1320 1322 1320 1323 1320 1324 1321 1323 1321 1325 1321 1326 1322 1324 1322 1325 1322 1326 1323 1325 1323 1327 1323 1328 1324 1327 1324 1329 1324 1328 1325 1326 1325 1327 1325 1330 1326 1329 1326 1331 1326 1330 1327 1328 1327 1329 1327 1332 1328 1331 1328 1333 1328 1332 1329 1330 1329 1331 1329 1334 1330 1333 1330 1335 1330 1334 1331 1335 1331 1336 1331 1334 1332 1332 1332 1333 1332 1337 1333 1334 1333 1336 1333 1338 1334 1336 1334 1339 1334 1338 1335 1337 1335 1336 1335 1340 1336 1339 1336 1341 1336 1340 1337 1338 1337 1339 1337 1342 1338 1341 1338 1343 1338 1342 1339 1340 1339 1341 1339 1344 1340 1343 1340 1345 1340 1344 1341 1345 1341 1346 1341 1344 1342 1342 1342 1343 1342 1347 1343 1344 1343 1346 1343 1348 1344 1346 1344 1349 1344 1348 1345 1347 1345 1346 1345 1350 1346 1349 1346 1351 1346 1350 1347 1348 1347 1349 1347 1352 1348 1350 1348 1351 1348 1352 1349 1351 1349 1353 1349 1354 1350 1352 1350 1353 1350 1354 1351 1353 1351 1355 1351 1354 1352 1355 1352 1356 1352 1357 1353 1354 1353 1356 1353 1358 1354 1357 1354 1356 1354 1358 1355 1356 1355 1359 1355 1360 1356 1358 1356 1359 1356 1360 1357 1359 1357 1361 1357 1362 1358 1360 1358 1361 1358 1362 1359 1361 1359 1363 1359 1364 1360 1362 1360 1363 1360 1364 1361 1363 1361 1365 1361 1366 1362 1364 1362 1365 1362 1366 1363 1365 1363 1367 1363 1368 1364 1366 1364 1367 1364 1368 1365 1367 1365 1369 1365 1368 1366 1369 1366 1370 1366 1371 1367 1368 1367 1370 1367 1372 1368 1371 1368 1370 1368 1372 1369 1370 1369 1373 1369 1374 1370 1372 1370 1373 1370 1374 1371 1373 1371 1375 1371 1374 1372 1375 1372 1376 1372 1377 1373 1374 1373 1376 1373 1378 1374 1377 1374 1376 1374 1378 1375 1376 1375 1379 1375 1380 1376 1378 1376 1379 1376 1380 1377 1379 1377 1381 1377 1382 1378 1380 1378 1381 1378 1382 1379 1381 1379 1383 1379 1384 1380 1382 1380 1383 1380 1384 1381 1383 1381 1385 1381 1384 1382 1385 1382 1386 1382 1387 1383 1384 1383 1386 1383 1388 1384 1387 1384 1386 1384 1388 1385 1386 1385 1389 1385 1390 1386 1388 1386 1389 1386 1390 1387 1389 1387 1391 1387 1392 1388 1390 1388 1391 1388 1392 1389 1391 1389 1393 1389 1392 1390 1393 1390 1394 1390 1395 1391 1392 1391 1394 1391 1396 1392 1394 1392 1397 1392 1396 1393 1395 1393 1394 1393 1398 1394 1397 1394 1399 1394 1398 1395 1399 1395 1400 1395 1398 1396 1396 1396 1397 1396 1401 1397 1398 1397 1400 1397 1402 1398 1401 1398 1400 1398 1402 1399 1400 1399 1403 1399 1404 1400 1402 1400 1403 1400 1404 1401 1403 1401 1405 1401 1406 1402 1404 1402 1405 1402 1406 1403 1405 1403 1407 1403 1408 1404 1406 1404 1407 1404 1408 1405 1407 1405 1409 1405 1408 1406 1409 1406 1410 1406 1411 1407 1408 1407 1410 1407 1412 1408 1411 1408 1410 1408 1412 1409 1410 1409 1413 1409 1414 1410 1413 1410 1415 1410 1414 1411 1412 1411 1413 1411 1416 1412 1415 1412 1417 1412 1416 1413 1414 1413 1415 1413 1418 1414 1417 1414 1419 1414 1418 1415 1416 1415 1417 1415 1420 1416 1419 1416 1421 1416 1420 1417 1418 1417 1419 1417 1422 1418 1421 1418 1423 1418 1422 1419 1420 1419 1421 1419 1424 1420 1423 1420 1425 1420 1424 1421 1422 1421 1423 1421 1426 1422 1425 1422 1427 1422 1426 1423 1424 1423 1425 1423 1428 1424 1427 1424 1429 1424 1428 1425 1426 1425 1427 1425 1430 1426 1429 1426 1431 1426 1430 1427 1428 1427 1429 1427 1432 1428 1431 1428 1433 1428 1432 1429 1430 1429 1431 1429 1434 1430 1433 1430 1435 1430 1434 1431 1432 1431 1433 1431 1436 1432 1435 1432 1437 1432 1436 1433 1434 1433 1435 1433 1438 1434 1437 1434 1439 1434 1438 1435 1439 1435 1440 1435 1438 1436 1436 1436 1437 1436 1441 1437 1438 1437 1440 1437 1442 1438 1440 1438 1443 1438 1442 1439 1443 1439 1444 1439 1442 1440 1441 1440 1440 1440 1445 1441 1442 1441 1444 1441 1446 1442 1444 1442 1447 1442 1446 1443 1447 1443 1448 1443 1446 1444 1445 1444 1444 1444 1449 1445 1446 1445 1448 1445 1450 1446 1448 1446 1451 1446 1450 1447 1449 1447 1448 1447 1452 1448 1450 1448 1451 1448 1452 1449 1451 1449 1453 1449 1452 1450 1453 1450 1454 1450 1455 1451 1452 1451 1454 1451 1456 1452 1455 1452 1454 1452 1456 1453 1454 1453 1457 1453 1456 1454 1457 1454 1458 1454 1459 1455 1456 1455 1458 1455 1459 1456 1458 1456 1460 1456 1461 1457 1459 1457 1460 1457 1462 1458 1461 1458 1460 1458 1462 1459 1460 1459 1463 1459 1462 1460 1463 1460 1464 1460 1465 1461 1462 1461 1464 1461 1466 1462 1464 1462 1467 1462 1466 1463 1467 1463 1468 1463 1466 1464 1465 1464 1464 1464 1469 1465 1466 1465 1468 1465 1470 1466 1468 1466 1471 1466 1470 1467 1469 1467 1468 1467 1472 1468 1471 1468 1473 1468 1472 1469 1470 1469 1471 1469 1474 1470 1473 1470 1475 1470 1474 1471 1472 1471 1473 1471 1476 1472 1475 1472 1477 1472 1476 1473 1474 1473 1475 1473 1478 1474 1477 1474 1479 1474 1478 1475 1476 1475 1477 1475 1480 1476 1479 1476 1481 1476 1480 1477 1478 1477 1479 1477 1482 1478 1481 1478 1483 1478 1482 1479 1483 1479 1484 1479 1482 1480 1480 1480 1481 1480 1485 1481 1482 1481 1484 1481 1486 1482 1484 1482 1487 1482 1486 1483 1485 1483 1484 1483 1488 1484 1487 1484 1489 1484 1488 1485 1486 1485 1487 1485 1490 1486 1489 1486 1491 1486 1490 1487 1488 1487 1489 1487 1492 1488 1491 1488 1493 1488 1492 1489 1490 1489 1491 1489 1494 1490 1493 1490 1495 1490 1494 1491 1492 1491 1493 1491 1496 1492 1495 1492 1497 1492 1496 1493 1494 1493 1495 1493 1498 1494 1497 1494 1499 1494 1498 1495 1496 1495 1497 1495 1500 1496 1499 1496 1501 1496 1500 1497 1501 1497 1502 1497 1500 1498 1498 1498 1499 1498 1503 1499 1500 1499 1502 1499 1504 1500 1503 1500 1502 1500 1504 1501 1502 1501 1505 1501 1506 1502 1504 1502 1505 1502 1506 1503 1505 1503 1507 1503 1506 1504 1507 1504 1508 1504 1509 1505 1506 1505 1508 1505 1510 1506 1509 1506 1508 1506 1510 1507 1508 1507 1511 1507 1512 1508 1510 1508 1511 1508 1512 1509 1511 1509 1513 1509 1512 1510 1513 1510 1514 1510 1515 1511 1512 1511 1514 1511 1516 1512 1515 1512 1514 1512 1516 1513 1514 1513 1517 1513 1516 1514 1517 1514 1518 1514 1519 1515 1516 1515 1518 1515 1520 1516 1519 1516 1518 1516 1520 1517 1518 1517 1521 1517 1522 1518 1520 1518 1521 1518 1522 1519 1521 1519 1523 1519 1524 1520 1522 1520 1523 1520 1524 1521 1523 1521 1525 1521 1526 1522 1524 1522 1525 1522 1526 1523 1525 1523 1527 1523 1528 1524 1526 1524 1527 1524 1528 1525 1527 1525 1529 1525 1530 1526 1529 1526 1531 1526 1530 1527 1528 1527 1529 1527 1532 1528 1531 1528 1533 1528 1532 1529 1530 1529 1531 1529 1534 1530 1533 1530 1535 1530 1534 1531 1532 1531 1533 1531 1536 1532 1535 1532 1537 1532 1536 1533 1537 1533 1538 1533 1536 1534 1534 1534 1535 1534 1539 1535 1536 1535 1538 1535 1540 1536 1538 1536 1541 1536 1540 1537 1539 1537 1538 1537 1542 1538 1541 1538 1543 1538 1542 1539 1540 1539 1541 1539 1544 1540 1543 1540 1545 1540 1544 1541 1542 1541 1543 1541 1546 1542 1545 1542 1547 1542 1546 1543 1547 1543 1548 1543 1546 1544 1544 1544 1545 1544 1549 1545 1546 1545 1548 1545 1550 1546 1548 1546 1551 1546 1550 1547 1551 1547 1552 1547 1550 1548 1549 1548 1548 1548 1553 1549 1550 1549 1552 1549 1554 1550 1553 1550 1552 1550 1554 1551 1552 1551 1555 1551 1554 1552 1555 1552 1556 1552 1557 1553 1554 1553 1556 1553 1558 1554 1557 1554 1556 1554 1558 1555 1556 1555 1559 1555 1560 1556 1558 1556 1559 1556 1560 1557 1559 1557 1561 1557 1560 1558 1561 1558 1562 1558 1563 1559 1560 1559 1562 1559 1563 1560 1562 1560 1564 1560 1565 1561 1563 1561 1564 1561 1565 1562 1564 1562 1566 1562 1567 1563 1565 1563 1566 1563 1568 1564 1567 1564 1566 1564 1568 1565 1566 1565 1569 1565 1570 1566 1568 1566 1569 1566 1570 1567 1569 1567 1571 1567 1572 1568 1570 1568 1571 1568 1572 1569 1571 1569 1573 1569 1572 1570 1573 1570 1574 1570 1575 1571 1572 1571 1574 1571 1575 1572 1574 1572 1576 1572 1577 1573 1575 1573 1576 1573 1578 1574 1577 1574 1576 1574 1578 1575 1576 1575 1579 1575 1580 1576 1578 1576 1579 1576 1580 1577 1579 1577 1581 1577 1582 1578 1580 1578 1581 1578 1582 1579 1581 1579 1583 1579 1584 1580 1582 1580 1583 1580 1584 1581 1583 1581 1585 1581 1586 1582 1584 1582 1585 1582 1586 1583 1585 1583 1587 1583 1588 1584 1586 1584 1587 1584 1588 1585 1587 1585 1589 1585 1590 1586 1588 1586 1589 1586 1590 1587 1589 1587 1591 1587 1592 1588 1590 1588 1591 1588 1592 1589 1591 1589 1593 1589 1594 1590 1592 1590 1593 1590 1594 1591 1593 1591 1595 1591 1596 1592 1594 1592 1595 1592 1596 1593 1595 1593 1597 1593 1598 1594 1597 1594 1599 1594 1598 1595 1596 1595 1597 1595 1600 1596 1599 1596 1601 1596 1600 1597 1598 1597 1599 1597 1602 1598 1601 1598 1603 1598 1602 1599 1603 1599 1604 1599 1602 1600 1600 1600 1601 1600 1605 1601 1602 1601 1604 1601 1606 1602 1605 1602 1604 1602 1606 1603 1604 1603 1607 1603 1608 1604 1606 1604 1607 1604 1608 1605 1607 1605 1609 1605 1608 1606 1609 1606 1610 1606 1611 1607 1608 1607 1610 1607 1612 1608 1611 1608 1610 1608 1612 1609 1610 1609 1613 1609 1612 1610 1613 1610 1614 1610 1615 1611 1612 1611 1614 1611 1616 1612 1614 1612 1617 1612 1616 1613 1615 1613 1614 1613 1618 1614 1617 1614 1619 1614 1618 1615 1616 1615 1617 1615 1620 1616 1619 1616 1621 1616 1620 1617 1618 1617 1619 1617 1622 1618 1621 1618 1623 1618 1622 1619 1620 1619 1621 1619 1624 1620 1623 1620 1625 1620 1624 1621 1622 1621 1623 1621 1626 1622 1625 1622 1627 1622 1626 1623 1624 1623 1625 1623 1628 1624 1627 1624 1629 1624 1628 1625 1626 1625 1627 1625 1630 1626 1629 1626 1631 1626 1630 1627 1631 1627 1632 1627 1630 1628 1628 1628 1629 1628 1633 1629 1630 1629 1632 1629 1634 1630 1632 1630 1635 1630 1634 1631 1633 1631 1632 1631 1636 1632 1635 1632 1637 1632 1636 1633 1634 1633 1635 1633 1638 1634 1637 1634 1639 1634 1638 1635 1636 1635 1637 1635 1640 1636 1639 1636 1641 1636 1640 1637 1638 1637 1639 1637 1642 1638 1641 1638 1643 1638 1642 1639 1640 1639 1641 1639 1644 1640 1643 1640 1645 1640 1644 1641 1645 1641 1646 1641 1644 1642 1642 1642 1643 1642 1647 1643 1644 1643 1646 1643 1648 1644 1646 1644 1649 1644 1648 1645 1647 1645 1646 1645 1650 1646 1649 1646 1651 1646 1650 1647 1648 1647 1649 1647 1652 1648 1651 1648 1653 1648 1652 1649 1653 1649 1654 1649 1652 1650 1650 1650 1651 1650 1655 1651 1652 1651 1654 1651 1656 1652 1655 1652 1654 1652 1656 1653 1654 1653 1657 1653 1658 1654 1656 1654 1657 1654 1658 1655 1657 1655 1659 1655 1660 1656 1658 1656 1659 1656 1660 1657 1659 1657 1661 1657 1660 1658 1661 1658 1662 1658 1663 1659 1660 1659 1662 1659 1664 1660 1663 1660 1662 1660 1664 1661 1662 1661 1665 1661 1666 1662 1664 1662 1665 1662 1666 1663 1665 1663 1667 1663 1668 1664 1667 1664 1669 1664 1668 1665 1666 1665 1667 1665 1670 1666 1669 1666 1671 1666 1670 1667 1668 1667 1669 1667 1672 1668 1671 1668 1673 1668 1672 1669 1670 1669 1671 1669 1674 1670 1673 1670 1675 1670 1674 1671 1672 1671 1673 1671 1676 1672 1675 1672 1677 1672 1676 1673 1674 1673 1675 1673 1678 1674 1677 1674 1679 1674 1678 1675 1676 1675 1677 1675 1680 1676 1679 1676 1681 1676 1680 1677 1678 1677 1679 1677 1682 1678 1681 1678 1683 1678 1682 1679 1680 1679 1681 1679 1684 1680 1683 1680 1685 1680 1684 1681 1685 1681 1686 1681 1684 1682 1682 1682 1683 1682 1687 1683 1684 1683 1686 1683 1688 1684 1686 1684 1689 1684 1688 1685 1689 1685 1690 1685 1688 1686 1687 1686 1686 1686 1691 1687 1688 1687 1690 1687 1692 1688 1690 1688 1693 1688 1692 1689 1691 1689 1690 1689 1694 1690 1693 1690 1695 1690 1694 1691 1695 1691 1696 1691 1694 1692 1692 1692 1693 1692 1697 1693 1694 1693 1696 1693 1698 1694 1696 1694 1699 1694 1698 1695 1697 1695 1696 1695 1700 1696 1699 1696 1701 1696 1700 1697 1698 1697 1699 1697 1702 1698 1701 1698 1703 1698 1702 1699 1700 1699 1701 1699 1704 1700 1702 1700 1703 1700 1704 1701 1703 1701 1705 1701 1706 1702 1704 1702 1705 1702 1706 1703 1705 1703 1707 1703 1708 1704 1706 1704 1707 1704 1708 1705 1707 1705 1709 1705 1710 1706 1708 1706 1709 1706 1710 1707 1709 1707 1711 1707 1712 1708 1710 1708 1711 1708 1712 1709 1711 1709 1713 1709 1714 1710 1712 1710 1713 1710 1714 1711 1713 1711 1715 1711 1716 1712 1714 1712 1715 1712 1716 1713 1715 1713 1717 1713 1716 1714 1717 1714 1718 1714 1719 1715 1716 1715 1718 1715 1719 1716 1718 1716 1720 1716 1721 1717 1719 1717 1720 1717 1722 1718 1721 1718 1720 1718 1722 1719 1720 1719 1723 1719 1724 1720 1722 1720 1723 1720 1724 1721 1723 1721 1725 1721 1726 1722 1724 1722 1725 1722 1726 1723 1725 1723 1727 1723 1726 1724 1727 1724 1728 1724 1729 1725 1726 1725 1728 1725 1730 1726 1729 1726 1728 1726 1730 1727 1728 1727 1731 1727 1730 1728 1731 1728 1732 1728 1733 1729 1730 1729 1732 1729 1734 1730 1732 1730 1735 1730 1734 1731 1735 1731 1736 1731 1734 1732 1733 1732 1732 1732 1737 1733 1734 1733 1736 1733 1738 1734 1736 1734 1739 1734 1738 1735 1737 1735 1736 1735 1740 1736 1739 1736 1741 1736 1740 1737 1738 1737 1739 1737 1742 1738 1741 1738 1743 1738 1742 1739 1740 1739 1741 1739 1744 1740 1743 1740 1745 1740 1744 1741 1745 1741 1746 1741 1744 1742 1742 1742 1743 1742 1747 1743 1744 1743 1746 1743 1748 1744 1746 1744 1749 1744 1748 1745 1747 1745 1746 1745 1750 1746 1749 1746 1751 1746 1750 1747 1748 1747 1749 1747 1752 1748 1751 1748 1753 1748 1752 1749 1753 1749 1754 1749 1752 1750 1750 1750 1751 1750 1755 1751 1752 1751 1754 1751 1756 1752 1755 1752 1754 1752 1756 1753 1754 1753 1757 1753 1758 1754 1756 1754 1757 1754 1758 1755 1757 1755 1759 1755 1760 1756 1758 1756 1759 1756 1760 1757 1759 1757 1761 1757 1762 1758 1760 1758 1761 1758 1762 1759 1761 1759 1763 1759 1762 1760 1763 1760 1764 1760 1765 1761 1762 1761 1764 1761 1766 1762 1765 1762 1764 1762 1766 1763 1764 1763 1767 1763 1766 1764 1767 1764 1768 1764 1769 1765 1766 1765 1768 1765 1769 1766 1768 1766 1770 1766 1771 1767 1769 1767 1770 1767 1771 1768 1770 1768 1772 1768 1773 1769 1771 1769 1772 1769 1774 1770 1773 1770 1772 1770 1774 1771 1772 1771 1775 1771 1776 1772 1774 1772 1775 1772 1776 1773 1775 1773 1777 1773 1778 1774 1776 1774 1777 1774 1778 1775 1777 1775 1779 1775 1780 1776 1778 1776 1779 1776 1780 1777 1779 1777 1781 1777 1780 1778 1781 1778 1782 1778 1783 1779 1780 1779 1782 1779 1784 1780 1783 1780 1782 1780 1784 1781 1782 1781 1785 1781 1786 1782 1784 1782 1785 1782 1786 1783 1785 1783 1787 1783 1788 1784 1786 1784 1787 1784 1788 1785 1787 1785 1789 1785 1790 1786 1788 1786 1789 1786 1790 1787 1789 1787 1791 1787 1790 1788 1791 1788 1792 1788 1793 1789 1790 1789 1792 1789 1794 1790 1793 1790 1792 1790 1794 1791 1792 1791 1795 1791 1796 1792 1794 1792 1795 1792 1796 1793 1795 1793 1797 1793 1798 1794 1796 1794 1797 1794 1798 1795 1797 1795 1799 1795 1798 1796 1799 1796 1800 1796 1801 1797 1798 1797 1800 1797 1802 1798 1800 1798 1803 1798 1802 1799 1801 1799 1800 1799 1804 1800 1803 1800 1805 1800 1804 1801 1805 1801 1806 1801 1804 1802 1802 1802 1803 1802 1807 1803 1804 1803 1806 1803 1808 1804 1807 1804 1806 1804 1808 1805 1806 1805 1809 1805 1808 1806 1809 1806 1810 1806 1811 1807 1808 1807 1810 1807 1812 1808 1811 1808 1810 1808 1812 1809 1810 1809 1813 1809 1814 1810 1812 1810 1813 1810 1814 1811 1813 1811 1815 1811 1816 1812 1814 1812 1815 1812 1816 1813 1815 1813 1817 1813 1818 1814 1817 1814 1819 1814 1818 1815 1819 1815 1820 1815 1818 1816 1816 1816 1817 1816 1821 1817 1818 1817 1820 1817 1822 1818 1820 1818 1823 1818 1822 1819 1821 1819 1820 1819 1824 1820 1823 1820 1825 1820 1824 1821 1822 1821 1823 1821 1826 1822 1825 1822 1827 1822 1826 1823 1827 1823 1828 1823 1826 1824 1824 1824 1825 1824 1829 1825 1826 1825 1828 1825 1830 1826 1828 1826 1831 1826 1830 1827 1829 1827 1828 1827 1832 1828 1831 1828 1833 1828 1832 1829 1830 1829 1831 1829 1834 1830 1833 1830 1835 1830 1834 1831 1832 1831 1833 1831 1836 1832 1835 1832 1837 1832 1836 1833 1837 1833 806 1833 1836 1834 1834 1834 1835 1834 807 1835 1836 1835 806 1835 811 1836 2 1836 809 1836 811 1837 0 1837 2 1837 87 1838 935 1838 936 1838 85 1839 935 1839 87 1839 85 1840 933 1840 935 1840 89 1841 87 1841 936 1841 89 1842 936 1842 939 1842 83 1843 933 1843 85 1843 83 1844 930 1844 933 1844 91 1845 939 1845 940 1845 91 1846 89 1846 939 1846 81 1847 930 1847 83 1847 81 1848 929 1848 930 1848 93 1849 91 1849 940 1849 93 1850 940 1850 942 1850 79 1851 929 1851 81 1851 79 1852 926 1852 929 1852 95 1853 942 1853 944 1853 95 1854 93 1854 942 1854 77 1855 926 1855 79 1855 77 1856 924 1856 926 1856 97 1857 944 1857 946 1857 97 1858 95 1858 944 1858 75 1859 924 1859 77 1859 75 1860 923 1860 924 1860 99 1861 97 1861 946 1861 99 1862 946 1862 948 1862 73 1863 923 1863 75 1863 73 1864 920 1864 923 1864 101 1865 99 1865 948 1865 101 1866 948 1866 950 1866 71 1867 918 1867 920 1867 71 1868 920 1868 73 1868 103 1869 101 1869 950 1869 103 1870 950 1870 952 1870 69 1871 916 1871 918 1871 69 1872 918 1872 71 1872 105 1873 103 1873 952 1873 105 1874 952 1874 954 1874 67 1875 914 1875 916 1875 67 1876 916 1876 69 1876 107 1877 105 1877 954 1877 107 1878 954 1878 956 1878 65 1879 914 1879 67 1879 65 1880 912 1880 914 1880 109 1881 107 1881 956 1881 109 1882 956 1882 958 1882 63 1883 910 1883 912 1883 63 1884 912 1884 65 1884 111 1885 109 1885 958 1885 111 1886 958 1886 960 1886 61 1887 910 1887 63 1887 61 1888 908 1888 910 1888 113 1889 111 1889 960 1889 113 1890 960 1890 963 1890 59 1891 906 1891 908 1891 59 1892 908 1892 61 1892 115 1893 113 1893 963 1893 115 1894 963 1894 964 1894 57 1895 906 1895 59 1895 57 1896 904 1896 906 1896 117 1897 964 1897 966 1897 117 1898 115 1898 964 1898 55 1899 902 1899 904 1899 55 1900 904 1900 57 1900 119 1901 117 1901 966 1901 119 1902 966 1902 968 1902 53 1903 900 1903 902 1903 53 1904 902 1904 55 1904 121 1905 119 1905 968 1905 121 1906 968 1906 970 1906 51 1907 899 1907 900 1907 51 1908 900 1908 53 1908 123 1909 121 1909 970 1909 123 1910 970 1910 972 1910 49 1911 896 1911 899 1911 49 1912 899 1912 51 1912 125 1913 123 1913 972 1913 125 1914 972 1914 974 1914 47 1915 896 1915 49 1915 47 1916 894 1916 896 1916 127 1917 125 1917 974 1917 127 1918 974 1918 977 1918 45 1919 892 1919 894 1919 45 1920 894 1920 47 1920 129 1921 127 1921 977 1921 129 1922 977 1922 978 1922 43 1923 892 1923 45 1923 43 1924 891 1924 892 1924 131 1925 978 1925 980 1925 131 1926 129 1926 978 1926 41 1927 891 1927 43 1927 41 1928 888 1928 891 1928 133 1929 131 1929 980 1929 133 1930 980 1930 983 1930 39 1931 888 1931 41 1931 39 1932 886 1932 888 1932 135 1933 133 1933 983 1933 135 1934 983 1934 984 1934 37 1935 884 1935 886 1935 37 1936 886 1936 39 1936 137 1937 135 1937 984 1937 137 1938 984 1938 986 1938 35 1939 882 1939 884 1939 35 1940 884 1940 37 1940 139 1941 137 1941 986 1941 139 1942 986 1942 988 1942 33 1943 882 1943 35 1943 33 1944 880 1944 882 1944 141 1945 139 1945 988 1945 141 1946 988 1946 990 1946 31 1947 880 1947 33 1947 31 1948 878 1948 880 1948 143 1949 141 1949 990 1949 143 1950 990 1950 992 1950 29 1951 876 1951 878 1951 29 1952 878 1952 31 1952 145 1953 143 1953 992 1953 145 1954 992 1954 994 1954 27 1955 874 1955 876 1955 27 1956 876 1956 29 1956 147 1957 145 1957 994 1957 147 1958 994 1958 996 1958 25 1959 872 1959 874 1959 25 1960 874 1960 27 1960 149 1961 147 1961 996 1961 149 1962 996 1962 999 1962 149 1963 999 1963 1000 1963 23 1964 872 1964 25 1964 23 1965 870 1965 872 1965 151 1966 149 1966 1000 1966 151 1967 1000 1967 1002 1967 21 1968 870 1968 23 1968 21 1969 869 1969 870 1969 153 1970 151 1970 1002 1970 153 1971 1002 1971 1004 1971 19 1972 866 1972 869 1972 19 1973 869 1973 21 1973 155 1974 1004 1974 1006 1974 155 1975 153 1975 1004 1975 17 1976 864 1976 866 1976 17 1977 866 1977 19 1977 157 1978 1006 1978 1008 1978 157 1979 155 1979 1006 1979 15 1980 832 1980 834 1980 15 1981 834 1981 836 1981 15 1982 836 1982 838 1982 15 1983 838 1983 840 1983 15 1984 840 1984 842 1984 15 1985 842 1985 844 1985 15 1986 844 1986 846 1986 15 1987 846 1987 848 1987 15 1988 848 1988 850 1988 15 1989 850 1989 852 1989 15 1990 852 1990 854 1990 15 1991 854 1991 856 1991 15 1992 856 1992 858 1992 15 1993 858 1993 860 1993 15 1994 860 1994 862 1994 15 1995 862 1995 864 1995 15 1996 864 1996 17 1996 159 1997 1008 1997 1011 1997 159 1998 157 1998 1008 1998 161 1999 1011 1999 1012 1999 161 2000 159 2000 1011 2000 830 2001 832 2001 15 2001 163 2002 1012 2002 1014 2002 163 2003 161 2003 1012 2003 828 2004 830 2004 15 2004 165 2005 1014 2005 1016 2005 165 2006 163 2006 1014 2006 167 2007 1016 2007 1019 2007 167 2008 165 2008 1016 2008 826 2009 828 2009 15 2009 169 2010 1019 2010 1020 2010 169 2011 167 2011 1019 2011 171 2012 1020 2012 1022 2012 171 2013 169 2013 1020 2013 173 2014 1022 2014 1024 2014 173 2015 171 2015 1022 2015 175 2016 1024 2016 1026 2016 175 2017 173 2017 1024 2017 177 2018 1026 2018 1028 2018 177 2019 175 2019 1026 2019 179 2020 1028 2020 1030 2020 179 2021 177 2021 1028 2021 181 2022 1030 2022 1032 2022 181 2023 1032 2023 1034 2023 181 2024 179 2024 1030 2024 183 2025 1034 2025 1037 2025 183 2026 181 2026 1034 2026 185 2027 1037 2027 1038 2027 185 2028 183 2028 1037 2028 187 2029 1038 2029 1041 2029 187 2030 185 2030 1038 2030 189 2031 1041 2031 1042 2031 189 2032 187 2032 1041 2032 191 2033 1042 2033 1044 2033 191 2034 189 2034 1042 2034 193 2035 1044 2035 1046 2035 193 2036 191 2036 1044 2036 195 2037 1046 2037 1048 2037 195 2038 193 2038 1046 2038 197 2039 1048 2039 1051 2039 197 2040 195 2040 1048 2040 199 2041 1051 2041 1053 2041 199 2042 197 2042 1051 2042 201 2043 1053 2043 1055 2043 201 2044 199 2044 1053 2044 203 2045 1055 2045 1056 2045 203 2046 1056 2046 1058 2046 203 2047 201 2047 1055 2047 205 2048 1058 2048 1060 2048 205 2049 203 2049 1058 2049 207 2050 205 2050 1060 2050 207 2051 1060 2051 1063 2051 208 2052 207 2052 1063 2052 208 2053 1063 2053 1065 2053 211 2054 208 2054 1065 2054 211 2055 1065 2055 1066 2055 213 2056 211 2056 1066 2056 213 2057 1066 2057 1068 2057 214 2058 213 2058 1068 2058 214 2059 1068 2059 1070 2059 217 2060 214 2060 1070 2060 217 2061 1070 2061 1072 2061 219 2062 217 2062 1072 2062 219 2063 1072 2063 1074 2063 220 2064 1074 2064 1076 2064 220 2065 1076 2065 1078 2065 220 2066 219 2066 1074 2066 223 2067 220 2067 1078 2067 223 2068 1078 2068 1081 2068 225 2069 1081 2069 1082 2069 225 2070 223 2070 1081 2070 227 2071 1082 2071 1084 2071 227 2072 225 2072 1082 2072 229 2073 1084 2073 1086 2073 229 2074 227 2074 1084 2074 230 2075 1086 2075 1089 2075 230 2076 229 2076 1086 2076 233 2077 1089 2077 1090 2077 233 2078 230 2078 1089 2078 235 2079 1090 2079 1092 2079 235 2080 233 2080 1090 2080 236 2081 235 2081 1092 2081 236 2082 1092 2082 1094 2082 236 2083 1094 2083 1096 2083 239 2084 1096 2084 1098 2084 239 2085 236 2085 1096 2085 240 2086 1098 2086 1101 2086 240 2087 239 2087 1098 2087 243 2088 1101 2088 1102 2088 243 2089 240 2089 1101 2089 245 2090 1102 2090 1104 2090 245 2091 243 2091 1102 2091 247 2092 1104 2092 1106 2092 247 2093 245 2093 1104 2093 248 2094 1106 2094 1108 2094 248 2095 247 2095 1106 2095 251 2096 1108 2096 1111 2096 251 2097 1111 2097 1113 2097 251 2098 248 2098 1108 2098 252 2099 1113 2099 1115 2099 252 2100 251 2100 1113 2100 255 2101 1115 2101 1116 2101 255 2102 252 2102 1115 2102 257 2103 255 2103 1116 2103 257 2104 1116 2104 1119 2104 258 2105 257 2105 1119 2105 258 2106 1119 2106 1121 2106 261 2107 258 2107 1121 2107 261 2108 1121 2108 1122 2108 262 2109 261 2109 1122 2109 262 2110 1122 2110 1125 2110 264 2111 262 2111 1125 2111 264 2112 1125 2112 1126 2112 264 2113 1126 2113 1129 2113 267 2114 264 2114 1129 2114 267 2115 1129 2115 1130 2115 268 2116 267 2116 1130 2116 268 2117 1130 2117 1132 2117 271 2118 268 2118 1132 2118 271 2119 1132 2119 1134 2119 272 2120 271 2120 1134 2120 272 2121 1134 2121 1136 2121 274 2122 272 2122 1136 2122 274 2123 1136 2123 1138 2123 274 2124 1138 2124 1141 2124 277 2125 274 2125 1141 2125 277 2126 1141 2126 1143 2126 3 2127 9 2127 7 2127 3 2128 7 2128 5 2128 13 2129 811 2129 808 2129 13 2130 808 2130 812 2130 13 2131 812 2131 814 2131 13 2132 814 2132 816 2132 13 2133 816 2133 818 2133 13 2134 818 2134 820 2134 13 2135 820 2135 822 2135 13 2136 822 2136 824 2136 13 2137 824 2137 826 2137 13 2138 826 2138 15 2138 278 2139 277 2139 1143 2139 278 2140 1143 2140 1144 2140 280 2141 278 2141 1144 2141 280 2142 1144 2142 1146 2142 283 2143 280 2143 1146 2143 283 2144 1146 2144 1148 2144 284 2145 283 2145 1148 2145 284 2146 1148 2146 1151 2146 286 2147 284 2147 1151 2147 286 2148 1151 2148 1152 2148 286 2149 1152 2149 1154 2149 289 2150 286 2150 1154 2150 289 2151 1154 2151 1156 2151 290 2152 1156 2152 1158 2152 290 2153 289 2153 1156 2153 293 2154 1158 2154 1160 2154 293 2155 290 2155 1158 2155 294 2156 1160 2156 1162 2156 294 2157 293 2157 1160 2157 297 2158 1162 2158 1165 2158 297 2159 1165 2159 1167 2159 297 2160 294 2160 1162 2160 298 2161 297 2161 1167 2161 298 2162 1167 2162 1168 2162 300 2163 1168 2163 1171 2163 300 2164 298 2164 1168 2164 302 2165 300 2165 1171 2165 302 2166 1171 2166 1173 2166 305 2167 1173 2167 1175 2167 305 2168 302 2168 1173 2168 306 2169 1175 2169 1176 2169 306 2170 1176 2170 1178 2170 306 2171 305 2171 1175 2171 308 2172 1178 2172 1180 2172 308 2173 306 2173 1178 2173 310 2174 308 2174 1180 2174 310 2175 1180 2175 1182 2175 312 2176 310 2176 1182 2176 312 2177 1182 2177 1184 2177 314 2178 312 2178 1184 2178 314 2179 1184 2179 1187 2179 316 2180 314 2180 1187 2180 316 2181 1187 2181 1188 2181 316 2182 1188 2182 1190 2182 318 2183 316 2183 1190 2183 318 2184 1190 2184 1192 2184 321 2185 318 2185 1192 2185 321 2186 1192 2186 1194 2186 323 2187 321 2187 1194 2187 323 2188 1194 2188 1196 2188 324 2189 323 2189 1196 2189 324 2190 1196 2190 1198 2190 324 2191 1198 2191 1200 2191 326 2192 324 2192 1200 2192 326 2193 1200 2193 1202 2193 328 2194 326 2194 1202 2194 328 2195 1202 2195 1204 2195 330 2196 328 2196 1204 2196 330 2197 1204 2197 1206 2197 332 2198 1208 2198 1210 2198 332 2199 330 2199 1206 2199 332 2200 1206 2200 1208 2200 334 2201 1210 2201 1212 2201 334 2202 332 2202 1210 2202 337 2203 1212 2203 1214 2203 337 2204 334 2204 1212 2204 338 2205 1214 2205 1216 2205 338 2206 337 2206 1214 2206 340 2207 1216 2207 1218 2207 340 2208 338 2208 1216 2208 342 2209 1218 2209 1221 2209 342 2210 1221 2210 1222 2210 342 2211 340 2211 1218 2211 344 2212 1222 2212 1225 2212 344 2213 342 2213 1222 2213 347 2214 1225 2214 1226 2214 347 2215 344 2215 1225 2215 348 2216 1226 2216 1228 2216 348 2217 1228 2217 1231 2217 348 2218 347 2218 1226 2218 350 2219 1231 2219 1232 2219 350 2220 348 2220 1231 2220 353 2221 1232 2221 1234 2221 353 2222 350 2222 1232 2222 354 2223 1234 2223 1236 2223 354 2224 353 2224 1234 2224 356 2225 1236 2225 1238 2225 356 2226 1238 2226 1240 2226 356 2227 354 2227 1236 2227 358 2228 356 2228 1240 2228 358 2229 1240 2229 1242 2229 360 2230 358 2230 1242 2230 360 2231 1242 2231 1244 2231 363 2232 360 2232 1244 2232 363 2233 1244 2233 1246 2233 364 2234 363 2234 1246 2234 364 2235 1246 2235 1249 2235 364 2236 1249 2236 1250 2236 366 2237 1250 2237 1252 2237 366 2238 364 2238 1250 2238 368 2239 1252 2239 1255 2239 368 2240 366 2240 1252 2240 370 2241 1255 2241 1256 2241 370 2242 368 2242 1255 2242 372 2243 1256 2243 1259 2243 372 2244 1259 2244 1260 2244 372 2245 370 2245 1256 2245 374 2246 372 2246 1260 2246 374 2247 1260 2247 1262 2247 376 2248 1262 2248 1264 2248 376 2249 374 2249 1262 2249 379 2250 1264 2250 1266 2250 379 2251 1266 2251 1269 2251 379 2252 376 2252 1264 2252 380 2253 379 2253 1269 2253 380 2254 1269 2254 1270 2254 382 2255 1270 2255 1272 2255 382 2256 380 2256 1270 2256 384 2257 1272 2257 1274 2257 384 2258 382 2258 1272 2258 386 2259 1274 2259 1276 2259 386 2260 1276 2260 1278 2260 386 2261 384 2261 1274 2261 388 2262 1278 2262 1280 2262 388 2263 386 2263 1278 2263 390 2264 1280 2264 1282 2264 390 2265 388 2265 1280 2265 392 2266 1282 2266 1284 2266 392 2267 390 2267 1282 2267 1286 2268 392 2268 1284 2268 11 2269 0 2269 811 2269 11 2270 3 2270 0 2270 11 2271 9 2271 3 2271 395 2272 392 2272 1286 2272 1288 2273 395 2273 1286 2273 396 2274 395 2274 1288 2274 1290 2275 396 2275 1288 2275 398 2276 396 2276 1290 2276 1293 2277 398 2277 1290 2277 400 2278 398 2278 1293 2278 1294 2279 400 2279 1293 2279 1296 2280 402 2280 400 2280 1296 2281 400 2281 1294 2281 1298 2282 405 2282 402 2282 1298 2283 402 2283 1296 2283 1300 2284 406 2284 405 2284 1300 2285 405 2285 1298 2285 1302 2286 406 2286 1300 2286 1304 2287 408 2287 406 2287 1304 2288 406 2288 1302 2288 1306 2289 410 2289 408 2289 1306 2290 408 2290 1304 2290 1309 2291 412 2291 410 2291 1309 2292 410 2292 1306 2292 1310 2293 412 2293 1309 2293 1312 2294 415 2294 412 2294 1312 2295 412 2295 1310 2295 1314 2296 416 2296 415 2296 1314 2297 415 2297 1312 2297 1316 2298 418 2298 416 2298 1316 2299 416 2299 1314 2299 1318 2300 418 2300 1316 2300 1320 2301 420 2301 418 2301 1320 2302 418 2302 1318 2302 1322 2303 422 2303 420 2303 1322 2304 420 2304 1320 2304 1324 2305 424 2305 422 2305 1324 2306 422 2306 1322 2306 1326 2307 424 2307 1324 2307 1328 2308 427 2308 424 2308 1328 2309 424 2309 1326 2309 1330 2310 427 2310 1328 2310 1330 2311 428 2311 427 2311 1332 2312 428 2312 1330 2312 1332 2313 430 2313 428 2313 1334 2314 430 2314 1332 2314 1334 2315 432 2315 430 2315 1337 2316 432 2316 1334 2316 1338 2317 432 2317 1337 2317 1338 2318 434 2318 432 2318 1340 2319 434 2319 1338 2319 1340 2320 436 2320 434 2320 1342 2321 436 2321 1340 2321 1342 2322 438 2322 436 2322 1344 2323 438 2323 1342 2323 1347 2324 438 2324 1344 2324 1347 2325 440 2325 438 2325 1348 2326 440 2326 1347 2326 1348 2327 442 2327 440 2327 1350 2328 442 2328 1348 2328 1350 2329 444 2329 442 2329 1352 2330 444 2330 1350 2330 1354 2331 444 2331 1352 2331 1354 2332 446 2332 444 2332 1357 2333 446 2333 1354 2333 1357 2334 448 2334 446 2334 1358 2335 448 2335 1357 2335 1358 2336 450 2336 448 2336 1360 2337 450 2337 1358 2337 1362 2338 450 2338 1360 2338 1362 2339 452 2339 450 2339 1364 2340 452 2340 1362 2340 1364 2341 454 2341 452 2341 1366 2342 454 2342 1364 2342 1366 2343 456 2343 454 2343 1368 2344 456 2344 1366 2344 1371 2345 458 2345 456 2345 1371 2346 456 2346 1368 2346 1372 2347 458 2347 1371 2347 1372 2348 461 2348 458 2348 1374 2349 461 2349 1372 2349 1374 2350 462 2350 461 2350 1377 2351 462 2351 1374 2351 1378 2352 462 2352 1377 2352 1378 2353 464 2353 462 2353 1380 2354 466 2354 464 2354 1380 2355 464 2355 1378 2355 1382 2356 466 2356 1380 2356 1384 2357 468 2357 466 2357 1384 2358 466 2358 1382 2358 1387 2359 470 2359 468 2359 1387 2360 468 2360 1384 2360 1388 2361 470 2361 1387 2361 1388 2362 472 2362 470 2362 1390 2363 472 2363 1388 2363 1392 2364 472 2364 1390 2364 1392 2365 474 2365 472 2365 1395 2366 474 2366 1392 2366 1395 2367 476 2367 474 2367 1396 2368 476 2368 1395 2368 1396 2369 478 2369 476 2369 1398 2370 478 2370 1396 2370 1401 2371 478 2371 1398 2371 1401 2372 480 2372 478 2372 1402 2373 480 2373 1401 2373 1402 2374 482 2374 480 2374 1404 2375 482 2375 1402 2375 1404 2376 484 2376 482 2376 1406 2377 484 2377 1404 2377 1408 2378 484 2378 1406 2378 1408 2379 486 2379 484 2379 1411 2380 486 2380 1408 2380 1411 2381 488 2381 486 2381 1412 2382 488 2382 1411 2382 1412 2383 490 2383 488 2383 1414 2384 490 2384 1412 2384 1416 2385 490 2385 1414 2385 1416 2386 492 2386 490 2386 1418 2387 494 2387 492 2387 1418 2388 492 2388 1416 2388 1420 2389 496 2389 494 2389 1420 2390 494 2390 1418 2390 1422 2391 496 2391 1420 2391 1424 2392 498 2392 496 2392 1424 2393 496 2393 1422 2393 1426 2394 500 2394 498 2394 1426 2395 498 2395 1424 2395 1428 2396 500 2396 1426 2396 1428 2397 502 2397 500 2397 1430 2398 502 2398 1428 2398 1432 2399 502 2399 1430 2399 1432 2400 504 2400 502 2400 1434 2401 504 2401 1432 2401 1434 2402 506 2402 504 2402 1436 2403 506 2403 1434 2403 1436 2404 508 2404 506 2404 1438 2405 508 2405 1436 2405 1441 2406 510 2406 508 2406 1441 2407 508 2407 1438 2407 807 2408 801 2408 799 2408 1442 2409 512 2409 510 2409 1442 2410 510 2410 1441 2410 1836 2411 807 2411 799 2411 1445 2412 512 2412 1442 2412 1834 2413 1836 2413 799 2413 1446 2414 514 2414 512 2414 1446 2415 512 2415 1445 2415 1832 2416 1834 2416 799 2416 1449 2417 514 2417 1446 2417 1449 2418 516 2418 514 2418 1830 2419 1832 2419 799 2419 1450 2420 516 2420 1449 2420 1450 2421 519 2421 516 2421 1829 2422 1830 2422 799 2422 1452 2423 519 2423 1450 2423 1826 2424 1829 2424 799 2424 1455 2425 520 2425 519 2425 1455 2426 519 2426 1452 2426 1824 2427 1826 2427 799 2427 1456 2428 520 2428 1455 2428 1456 2429 522 2429 520 2429 1822 2430 1824 2430 799 2430 1459 2431 522 2431 1456 2431 1459 2432 524 2432 522 2432 1821 2433 1822 2433 799 2433 1461 2434 524 2434 1459 2434 1818 2435 1821 2435 799 2435 1462 2436 526 2436 524 2436 1462 2437 524 2437 1461 2437 1816 2438 1818 2438 799 2438 1465 2439 529 2439 526 2439 1465 2440 526 2440 1462 2440 1814 2441 1816 2441 799 2441 1466 2442 530 2442 529 2442 1466 2443 529 2443 1465 2443 1812 2444 1814 2444 799 2444 1469 2445 530 2445 1466 2445 1811 2446 1812 2446 799 2446 1470 2447 530 2447 1469 2447 1470 2448 532 2448 530 2448 1808 2449 1811 2449 799 2449 1472 2450 532 2450 1470 2450 1472 2451 534 2451 532 2451 1807 2452 799 2452 796 2452 1807 2453 1808 2453 799 2453 1474 2454 534 2454 1472 2454 1474 2455 536 2455 534 2455 1804 2456 796 2456 794 2456 1804 2457 1807 2457 796 2457 1476 2458 536 2458 1474 2458 1802 2459 1804 2459 794 2459 1802 2460 794 2460 792 2460 1478 2461 538 2461 536 2461 1478 2462 536 2462 1476 2462 1801 2463 1802 2463 792 2463 1480 2464 540 2464 538 2464 1480 2465 538 2465 1478 2465 1798 2466 792 2466 790 2466 1798 2467 1801 2467 792 2467 1482 2468 540 2468 1480 2468 1482 2469 542 2469 540 2469 1796 2470 1798 2470 790 2470 1796 2471 790 2471 788 2471 1485 2472 542 2472 1482 2472 1794 2473 788 2473 787 2473 1794 2474 1796 2474 788 2474 1486 2475 544 2475 542 2475 1486 2476 542 2476 1485 2476 1793 2477 787 2477 785 2477 1793 2478 1794 2478 787 2478 1488 2479 546 2479 544 2479 1488 2480 544 2480 1486 2480 1790 2481 785 2481 782 2481 1790 2482 1793 2482 785 2482 1490 2483 546 2483 1488 2483 1490 2484 548 2484 546 2484 1788 2485 782 2485 780 2485 1788 2486 1790 2486 782 2486 1492 2487 548 2487 1490 2487 1786 2488 1788 2488 780 2488 1786 2489 780 2489 778 2489 1494 2490 550 2490 548 2490 1494 2491 548 2491 1492 2491 1784 2492 1786 2492 778 2492 1496 2493 550 2493 1494 2493 1496 2494 552 2494 550 2494 1783 2495 778 2495 777 2495 1783 2496 1784 2496 778 2496 1498 2497 552 2497 1496 2497 1780 2498 777 2498 774 2498 1780 2499 1783 2499 777 2499 1500 2500 554 2500 552 2500 1500 2501 552 2501 1498 2501 1778 2502 774 2502 773 2502 1778 2503 1780 2503 774 2503 1503 2504 554 2504 1500 2504 1503 2505 556 2505 554 2505 1776 2506 773 2506 770 2506 1776 2507 1778 2507 773 2507 1504 2508 558 2508 556 2508 1504 2509 556 2509 1503 2509 1774 2510 770 2510 768 2510 1774 2511 1776 2511 770 2511 1506 2512 558 2512 1504 2512 1773 2513 768 2513 767 2513 1773 2514 1774 2514 768 2514 1509 2515 558 2515 1506 2515 1509 2516 560 2516 558 2516 1771 2517 1773 2517 767 2517 1510 2518 560 2518 1509 2518 1510 2519 562 2519 560 2519 1769 2520 767 2520 764 2520 1769 2521 1771 2521 767 2521 1512 2522 565 2522 562 2522 1512 2523 562 2523 1510 2523 1766 2524 764 2524 762 2524 1766 2525 1769 2525 764 2525 1515 2526 565 2526 1512 2526 1765 2527 762 2527 760 2527 1765 2528 1766 2528 762 2528 1516 2529 565 2529 1515 2529 1516 2530 566 2530 565 2530 1762 2531 760 2531 759 2531 1762 2532 1765 2532 760 2532 1519 2533 568 2533 566 2533 1519 2534 566 2534 1516 2534 1760 2535 759 2535 756 2535 1760 2536 1762 2536 759 2536 1520 2537 570 2537 568 2537 1520 2538 568 2538 1519 2538 1758 2539 756 2539 754 2539 1758 2540 1760 2540 756 2540 1522 2541 570 2541 1520 2541 1756 2542 1758 2542 754 2542 1524 2543 572 2543 570 2543 1524 2544 570 2544 1522 2544 1755 2545 1756 2545 754 2545 1755 2546 754 2546 752 2546 1526 2547 574 2547 572 2547 1526 2548 572 2548 1524 2548 1752 2549 1755 2549 752 2549 1752 2550 752 2550 750 2550 1528 2551 576 2551 574 2551 1528 2552 574 2552 1526 2552 1750 2553 750 2553 748 2553 1750 2554 1752 2554 750 2554 1530 2555 576 2555 1528 2555 1748 2556 748 2556 746 2556 1748 2557 1750 2557 748 2557 1532 2558 578 2558 576 2558 1532 2559 576 2559 1530 2559 1747 2560 1748 2560 746 2560 1747 2561 746 2561 744 2561 1534 2562 580 2562 578 2562 1534 2563 578 2563 1532 2563 1744 2564 1747 2564 744 2564 1536 2565 582 2565 580 2565 1536 2566 580 2566 1534 2566 1742 2567 744 2567 742 2567 1742 2568 1744 2568 744 2568 1539 2569 582 2569 1536 2569 1740 2570 1742 2570 742 2570 1740 2571 742 2571 740 2571 1540 2572 584 2572 582 2572 1540 2573 582 2573 1539 2573 1738 2574 1740 2574 740 2574 1738 2575 740 2575 739 2575 1542 2576 586 2576 584 2576 1542 2577 584 2577 1540 2577 1737 2578 739 2578 736 2578 1737 2579 1738 2579 739 2579 1544 2580 586 2580 1542 2580 1544 2581 589 2581 586 2581 1734 2582 1737 2582 736 2582 1734 2583 736 2583 734 2583 1546 2584 589 2584 1544 2584 1733 2585 1734 2585 734 2585 1549 2586 589 2586 1546 2586 1549 2587 591 2587 589 2587 1730 2588 734 2588 732 2588 1730 2589 1733 2589 734 2589 1550 2590 592 2590 591 2590 1550 2591 591 2591 1549 2591 1729 2592 732 2592 730 2592 1729 2593 1730 2593 732 2593 1553 2594 594 2594 592 2594 1553 2595 592 2595 1550 2595 1726 2596 730 2596 728 2596 1726 2597 1729 2597 730 2597 1554 2598 594 2598 1553 2598 1724 2599 728 2599 726 2599 1724 2600 1726 2600 728 2600 1557 2601 596 2601 594 2601 1557 2602 594 2602 1554 2602 1722 2603 1724 2603 726 2603 1722 2604 726 2604 724 2604 1558 2605 598 2605 596 2605 1558 2606 596 2606 1557 2606 1721 2607 1722 2607 724 2607 1560 2608 600 2608 598 2608 1560 2609 598 2609 1558 2609 1719 2610 724 2610 722 2610 1719 2611 1721 2611 724 2611 1563 2612 600 2612 1560 2612 1716 2613 722 2613 720 2613 1716 2614 1719 2614 722 2614 1565 2615 602 2615 600 2615 1565 2616 600 2616 1563 2616 1714 2617 1716 2617 720 2617 1714 2618 720 2618 719 2618 1567 2619 604 2619 602 2619 1567 2620 602 2620 1565 2620 1712 2621 719 2621 716 2621 1712 2622 1714 2622 719 2622 1568 2623 606 2623 604 2623 1568 2624 604 2624 1567 2624 1710 2625 716 2625 714 2625 1710 2626 1712 2626 716 2626 1570 2627 606 2627 1568 2627 1708 2628 1710 2628 714 2628 1572 2629 609 2629 606 2629 1572 2630 606 2630 1570 2630 1706 2631 1708 2631 714 2631 1706 2632 714 2632 712 2632 1575 2633 610 2633 609 2633 1575 2634 609 2634 1572 2634 1704 2635 712 2635 710 2635 1704 2636 1706 2636 712 2636 1577 2637 612 2637 610 2637 1577 2638 610 2638 1575 2638 1702 2639 1704 2639 710 2639 1702 2640 710 2640 708 2640 1578 2641 612 2641 1577 2641 1700 2642 1702 2642 708 2642 1700 2643 708 2643 706 2643 1580 2644 614 2644 612 2644 1580 2645 612 2645 1578 2645 1698 2646 1700 2646 706 2646 1582 2647 616 2647 614 2647 1582 2648 614 2648 1580 2648 1697 2649 1698 2649 706 2649 1697 2650 706 2650 704 2650 1584 2651 618 2651 616 2651 1584 2652 616 2652 1582 2652 1694 2653 704 2653 703 2653 1694 2654 1697 2654 704 2654 1586 2655 618 2655 1584 2655 1692 2656 1694 2656 703 2656 1692 2657 703 2657 700 2657 1588 2658 620 2658 618 2658 1588 2659 618 2659 1586 2659 1691 2660 1692 2660 700 2660 1691 2661 700 2661 698 2661 1590 2662 623 2662 620 2662 1590 2663 620 2663 1588 2663 1688 2664 1691 2664 698 2664 1592 2665 624 2665 623 2665 1592 2666 623 2666 1590 2666 1687 2667 1688 2667 698 2667 1687 2668 698 2668 696 2668 1594 2669 626 2669 624 2669 1594 2670 624 2670 1592 2670 1684 2671 1687 2671 696 2671 1684 2672 696 2672 695 2672 1596 2673 626 2673 1594 2673 1682 2674 1684 2674 695 2674 1682 2675 695 2675 692 2675 1598 2676 628 2676 626 2676 1598 2677 626 2677 1596 2677 1680 2678 1682 2678 692 2678 1680 2679 692 2679 690 2679 1600 2680 628 2680 1598 2680 1600 2681 630 2681 628 2681 1678 2682 1680 2682 690 2682 1602 2683 630 2683 1600 2683 1602 2684 632 2684 630 2684 1676 2685 1678 2685 690 2685 1676 2686 690 2686 688 2686 1605 2687 632 2687 1602 2687 1674 2688 688 2688 686 2688 1674 2689 1676 2689 688 2689 1606 2690 632 2690 1605 2690 1606 2691 634 2691 632 2691 1672 2692 1674 2692 686 2692 1672 2693 686 2693 684 2693 1608 2694 634 2694 1606 2694 1608 2695 636 2695 634 2695 1670 2696 684 2696 682 2696 1670 2697 1672 2697 684 2697 1611 2698 636 2698 1608 2698 1611 2699 638 2699 636 2699 1668 2700 1670 2700 682 2700 1612 2701 638 2701 1611 2701 1666 2702 682 2702 680 2702 1666 2703 1668 2703 682 2703 1615 2704 638 2704 1612 2704 1615 2705 640 2705 638 2705 1664 2706 1666 2706 680 2706 1664 2707 680 2707 678 2707 1616 2708 640 2708 1615 2708 1616 2709 642 2709 640 2709 1663 2710 1664 2710 678 2710 1663 2711 678 2711 676 2711 1618 2712 642 2712 1616 2712 1618 2713 645 2713 642 2713 1660 2714 1663 2714 676 2714 1660 2715 676 2715 674 2715 1620 2716 647 2716 645 2716 1620 2717 645 2717 1618 2717 1658 2718 1660 2718 674 2718 1622 2719 647 2719 1620 2719 1656 2720 674 2720 672 2720 1656 2721 1658 2721 674 2721 1624 2722 647 2722 1622 2722 1624 2723 648 2723 647 2723 1655 2724 672 2724 670 2724 1655 2725 1656 2725 672 2725 1626 2726 648 2726 1624 2726 1626 2727 650 2727 648 2727 1652 2728 1655 2728 670 2728 1652 2729 670 2729 668 2729 805 2730 803 2730 807 2730 1628 2731 650 2731 1626 2731 1628 2732 652 2732 650 2732 1650 2733 668 2733 666 2733 1650 2734 1652 2734 668 2734 1630 2735 652 2735 1628 2735 1648 2736 1650 2736 666 2736 1633 2737 652 2737 1630 2737 1633 2738 655 2738 652 2738 1647 2739 1648 2739 666 2739 1647 2740 666 2740 664 2740 1634 2741 655 2741 1633 2741 1634 2742 656 2742 655 2742 1644 2743 1647 2743 664 2743 1644 2744 664 2744 662 2744 1636 2745 656 2745 1634 2745 1636 2746 658 2746 656 2746 1642 2747 1644 2747 662 2747 1642 2748 662 2748 661 2748 1638 2749 658 2749 1636 2749 1638 2750 661 2750 658 2750 1640 2751 661 2751 1638 2751 1640 2752 1642 2752 661 2752 803 2753 801 2753 807 2753 13 2754 11 2754 811 2754 934 2755 86 2755 937 2755 934 2756 84 2756 86 2756 932 2757 84 2757 934 2757 86 2758 88 2758 937 2758 937 2759 88 2759 938 2759 932 2760 82 2760 84 2760 931 2761 82 2761 932 2761 938 2762 90 2762 941 2762 88 2763 90 2763 938 2763 931 2764 80 2764 82 2764 928 2765 80 2765 931 2765 90 2766 92 2766 941 2766 941 2767 92 2767 943 2767 928 2768 78 2768 80 2768 927 2769 78 2769 928 2769 943 2770 94 2770 945 2770 92 2771 94 2771 943 2771 927 2772 76 2772 78 2772 925 2773 76 2773 927 2773 94 2774 96 2774 945 2774 945 2775 96 2775 947 2775 925 2776 74 2776 76 2776 922 2777 74 2777 925 2777 947 2778 98 2778 949 2778 96 2779 98 2779 947 2779 922 2780 72 2780 74 2780 921 2781 72 2781 922 2781 98 2782 100 2782 949 2782 949 2783 100 2783 951 2783 919 2784 70 2784 921 2784 921 2785 70 2785 72 2785 100 2786 102 2786 951 2786 951 2787 102 2787 953 2787 917 2788 68 2788 919 2788 919 2789 68 2789 70 2789 102 2790 104 2790 953 2790 953 2791 104 2791 955 2791 915 2792 66 2792 917 2792 917 2793 66 2793 68 2793 104 2794 106 2794 955 2794 955 2795 106 2795 957 2795 913 2796 64 2796 915 2796 915 2797 64 2797 66 2797 106 2798 108 2798 957 2798 957 2799 108 2799 959 2799 913 2800 62 2800 64 2800 911 2801 62 2801 913 2801 959 2802 110 2802 961 2802 108 2803 110 2803 959 2803 909 2804 60 2804 911 2804 911 2805 60 2805 62 2805 110 2806 112 2806 961 2806 961 2807 112 2807 962 2807 909 2808 58 2808 60 2808 907 2809 58 2809 909 2809 962 2810 114 2810 965 2810 112 2811 114 2811 962 2811 905 2812 56 2812 907 2812 907 2813 56 2813 58 2813 114 2814 116 2814 965 2814 965 2815 116 2815 967 2815 905 2816 54 2816 56 2816 903 2817 54 2817 905 2817 116 2818 118 2818 967 2818 967 2819 118 2819 969 2819 903 2820 52 2820 54 2820 901 2821 52 2821 903 2821 118 2822 120 2822 969 2822 969 2823 120 2823 971 2823 901 2824 50 2824 52 2824 898 2825 50 2825 901 2825 120 2826 122 2826 971 2826 971 2827 122 2827 973 2827 898 2828 48 2828 50 2828 897 2829 48 2829 898 2829 122 2830 124 2830 973 2830 973 2831 124 2831 975 2831 897 2832 46 2832 48 2832 895 2833 46 2833 897 2833 975 2834 126 2834 976 2834 124 2835 126 2835 975 2835 893 2836 44 2836 895 2836 895 2837 44 2837 46 2837 126 2838 128 2838 976 2838 976 2839 128 2839 979 2839 890 2840 42 2840 893 2840 893 2841 42 2841 44 2841 128 2842 130 2842 979 2842 979 2843 130 2843 981 2843 890 2844 40 2844 42 2844 889 2845 40 2845 890 2845 130 2846 132 2846 981 2846 981 2847 132 2847 982 2847 887 2848 38 2848 889 2848 889 2849 38 2849 40 2849 982 2850 134 2850 985 2850 132 2851 134 2851 982 2851 885 2852 36 2852 887 2852 887 2853 36 2853 38 2853 134 2854 136 2854 985 2854 985 2855 136 2855 987 2855 883 2856 34 2856 885 2856 885 2857 34 2857 36 2857 136 2858 138 2858 987 2858 987 2859 138 2859 989 2859 881 2860 32 2860 883 2860 883 2861 32 2861 34 2861 138 2862 140 2862 989 2862 989 2863 140 2863 991 2863 879 2864 30 2864 881 2864 881 2865 30 2865 32 2865 140 2866 142 2866 991 2866 991 2867 142 2867 993 2867 879 2868 28 2868 30 2868 877 2869 28 2869 879 2869 142 2870 144 2870 993 2870 993 2871 144 2871 995 2871 877 2872 26 2872 28 2872 875 2873 26 2873 877 2873 144 2874 146 2874 995 2874 995 2875 146 2875 997 2875 873 2876 24 2876 875 2876 875 2877 24 2877 26 2877 146 2878 148 2878 997 2878 997 2879 148 2879 998 2879 998 2880 148 2880 1001 2880 871 2881 22 2881 873 2881 873 2882 22 2882 24 2882 148 2883 150 2883 1001 2883 1001 2884 150 2884 1003 2884 868 2885 20 2885 871 2885 871 2886 20 2886 22 2886 150 2887 152 2887 1003 2887 1003 2888 152 2888 1005 2888 867 2889 18 2889 868 2889 868 2890 18 2890 20 2890 1005 2891 154 2891 1007 2891 152 2892 154 2892 1005 2892 865 2893 16 2893 867 2893 867 2894 16 2894 18 2894 154 2895 156 2895 1007 2895 1007 2896 156 2896 1009 2896 833 2897 14 2897 835 2897 835 2898 14 2898 837 2898 837 2899 14 2899 839 2899 839 2900 14 2900 841 2900 841 2901 14 2901 843 2901 843 2902 14 2902 845 2902 845 2903 14 2903 847 2903 847 2904 14 2904 849 2904 849 2905 14 2905 851 2905 851 2906 14 2906 853 2906 853 2907 14 2907 855 2907 855 2908 14 2908 857 2908 857 2909 14 2909 859 2909 859 2910 14 2910 861 2910 861 2911 14 2911 863 2911 863 2912 14 2912 865 2912 865 2913 14 2913 16 2913 1009 2914 158 2914 1010 2914 156 2915 158 2915 1009 2915 1010 2916 160 2916 1013 2916 158 2917 160 2917 1010 2917 833 2918 831 2918 14 2918 1013 2919 162 2919 1015 2919 160 2920 162 2920 1013 2920 831 2921 829 2921 14 2921 1015 2922 164 2922 1017 2922 162 2923 164 2923 1015 2923 1017 2924 166 2924 1018 2924 164 2925 166 2925 1017 2925 829 2926 827 2926 14 2926 1018 2927 168 2927 1021 2927 166 2928 168 2928 1018 2928 1021 2929 170 2929 1023 2929 168 2930 170 2930 1021 2930 1023 2931 172 2931 1025 2931 170 2932 172 2932 1023 2932 1025 2933 174 2933 1027 2933 172 2934 174 2934 1025 2934 1027 2935 176 2935 1029 2935 174 2936 176 2936 1027 2936 1029 2937 178 2937 1031 2937 176 2938 178 2938 1029 2938 1031 2939 180 2939 1033 2939 1033 2940 180 2940 1035 2940 178 2941 180 2941 1031 2941 1035 2942 182 2942 1036 2942 180 2943 182 2943 1035 2943 1036 2944 184 2944 1039 2944 182 2945 184 2945 1036 2945 1039 2946 186 2946 1040 2946 184 2947 186 2947 1039 2947 1040 2948 188 2948 1043 2948 186 2949 188 2949 1040 2949 1043 2950 190 2950 1045 2950 188 2951 190 2951 1043 2951 1045 2952 192 2952 1047 2952 190 2953 192 2953 1045 2953 1047 2954 194 2954 1049 2954 192 2955 194 2955 1047 2955 1049 2956 196 2956 1050 2956 194 2957 196 2957 1049 2957 1050 2958 198 2958 1052 2958 196 2959 198 2959 1050 2959 198 2960 200 2960 1052 2960 1052 2961 200 2961 1054 2961 1054 2962 202 2962 1057 2962 1057 2963 202 2963 1059 2963 200 2964 202 2964 1054 2964 1059 2965 204 2965 1061 2965 202 2966 204 2966 1059 2966 204 2967 206 2967 1061 2967 1061 2968 206 2968 1062 2968 1062 2969 209 2969 1064 2969 206 2970 209 2970 1062 2970 209 2971 210 2971 1064 2971 1064 2972 210 2972 1067 2972 1067 2973 212 2973 1069 2973 210 2974 212 2974 1067 2974 1069 2975 215 2975 1071 2975 212 2976 215 2976 1069 2976 215 2977 216 2977 1071 2977 1071 2978 216 2978 1073 2978 1073 2979 218 2979 1075 2979 216 2980 218 2980 1073 2980 1075 2981 221 2981 1077 2981 1077 2982 221 2982 1079 2982 218 2983 221 2983 1075 2983 1079 2984 222 2984 1080 2984 221 2985 222 2985 1079 2985 222 2986 224 2986 1080 2986 1080 2987 224 2987 1083 2987 224 2988 226 2988 1083 2988 1083 2989 226 2989 1085 2989 1085 2990 228 2990 1087 2990 226 2991 228 2991 1085 2991 1087 2992 231 2992 1088 2992 228 2993 231 2993 1087 2993 1088 2994 232 2994 1091 2994 231 2995 232 2995 1088 2995 1091 2996 234 2996 1093 2996 232 2997 234 2997 1091 2997 1093 2998 237 2998 1095 2998 1095 2999 237 2999 1097 2999 234 3000 237 3000 1093 3000 1097 3001 238 3001 1099 3001 237 3002 238 3002 1097 3002 1099 3003 241 3003 1100 3003 238 3004 241 3004 1099 3004 241 3005 242 3005 1100 3005 1100 3006 242 3006 1103 3006 1103 3007 244 3007 1105 3007 242 3008 244 3008 1103 3008 244 3009 246 3009 1105 3009 1105 3010 246 3010 1107 3010 1107 3011 249 3011 1109 3011 246 3012 249 3012 1107 3012 249 3013 250 3013 1109 3013 1109 3014 250 3014 1110 3014 1110 3015 250 3015 1112 3015 250 3016 253 3016 1112 3016 1112 3017 253 3017 1114 3017 253 3018 254 3018 1114 3018 1114 3019 254 3019 1117 3019 254 3020 256 3020 1117 3020 1117 3021 256 3021 1118 3021 256 3022 259 3022 1118 3022 1118 3023 259 3023 1120 3023 259 3024 260 3024 1120 3024 1120 3025 260 3025 1123 3025 260 3026 263 3026 1123 3026 1123 3027 263 3027 1124 3027 263 3028 265 3028 1124 3028 1124 3029 265 3029 1127 3029 1127 3030 265 3030 1128 3030 265 3031 266 3031 1128 3031 1128 3032 266 3032 1131 3032 266 3033 269 3033 1131 3033 1131 3034 269 3034 1133 3034 269 3035 270 3035 1133 3035 1133 3036 270 3036 1135 3036 270 3037 273 3037 1135 3037 1135 3038 273 3038 1137 3038 273 3039 275 3039 1137 3039 1137 3040 275 3040 1139 3040 1139 3041 275 3041 1140 3041 275 3042 276 3042 1140 3042 1140 3043 276 3043 1142 3043 6 3044 1 3044 4 3044 6 3045 8 3045 1 3045 809 3046 12 3046 810 3046 810 3047 12 3047 813 3047 813 3048 12 3048 815 3048 815 3049 12 3049 817 3049 817 3050 12 3050 819 3050 819 3051 12 3051 821 3051 821 3052 12 3052 823 3052 823 3053 12 3053 825 3053 825 3054 12 3054 827 3054 827 3055 12 3055 14 3055 276 3056 279 3056 1142 3056 1142 3057 279 3057 1145 3057 279 3058 281 3058 1145 3058 1145 3059 281 3059 1147 3059 281 3060 282 3060 1147 3060 1147 3061 282 3061 1149 3061 282 3062 285 3062 1149 3062 1149 3063 285 3063 1150 3063 285 3064 287 3064 1150 3064 1150 3065 287 3065 1153 3065 1153 3066 287 3066 1155 3066 287 3067 288 3067 1155 3067 1155 3068 288 3068 1157 3068 1157 3069 291 3069 1159 3069 288 3070 291 3070 1157 3070 1159 3071 292 3071 1161 3071 291 3072 292 3072 1159 3072 1161 3073 295 3073 1163 3073 292 3074 295 3074 1161 3074 1163 3075 296 3075 1164 3075 1164 3076 296 3076 1166 3076 295 3077 296 3077 1163 3077 296 3078 299 3078 1166 3078 1166 3079 299 3079 1169 3079 1169 3080 301 3080 1170 3080 299 3081 301 3081 1169 3081 301 3082 303 3082 1170 3082 1170 3083 303 3083 1172 3083 1172 3084 304 3084 1174 3084 303 3085 304 3085 1172 3085 1174 3086 307 3086 1177 3086 1177 3087 307 3087 1179 3087 304 3088 307 3088 1174 3088 307 3089 309 3089 1179 3089 1179 3090 309 3090 1181 3090 309 3091 311 3091 1181 3091 1181 3092 311 3092 1183 3092 311 3093 313 3093 1183 3093 1183 3094 313 3094 1185 3094 313 3095 315 3095 1185 3095 1185 3096 315 3096 1186 3096 315 3097 317 3097 1186 3097 1186 3098 317 3098 1189 3098 1189 3099 317 3099 1191 3099 8 3100 2 3100 1 3100 317 3101 319 3101 1191 3101 1191 3102 319 3102 1193 3102 319 3103 320 3103 1193 3103 1193 3104 320 3104 1195 3104 320 3105 322 3105 1195 3105 1195 3106 322 3106 1197 3106 322 3107 325 3107 1197 3107 1197 3108 325 3108 1199 3108 1199 3109 325 3109 1201 3109 325 3110 327 3110 1201 3110 1201 3111 327 3111 1203 3111 327 3112 329 3112 1203 3112 1203 3113 329 3113 1205 3113 329 3114 331 3114 1205 3114 1205 3115 331 3115 1207 3115 331 3116 333 3116 1207 3116 1207 3117 333 3117 1209 3117 1209 3118 333 3118 1211 3118 1211 3119 335 3119 1213 3119 333 3120 335 3120 1211 3120 1213 3121 336 3121 1215 3121 335 3122 336 3122 1213 3122 1215 3123 339 3123 1217 3123 336 3124 339 3124 1215 3124 1217 3125 341 3125 1219 3125 339 3126 341 3126 1217 3126 1219 3127 343 3127 1220 3127 1220 3128 343 3128 1223 3128 341 3129 343 3129 1219 3129 1223 3130 345 3130 1224 3130 343 3131 345 3131 1223 3131 1224 3132 346 3132 1227 3132 345 3133 346 3133 1224 3133 1227 3134 349 3134 1229 3134 1229 3135 349 3135 1230 3135 346 3136 349 3136 1227 3136 1230 3137 351 3137 1233 3137 349 3138 351 3138 1230 3138 1233 3139 352 3139 1235 3139 351 3140 352 3140 1233 3140 1235 3141 355 3141 1237 3141 352 3142 355 3142 1235 3142 1237 3143 357 3143 1239 3143 1239 3144 357 3144 1241 3144 355 3145 357 3145 1237 3145 1241 3146 359 3146 1243 3146 357 3147 359 3147 1241 3147 359 3148 361 3148 1243 3148 1243 3149 361 3149 1245 3149 361 3150 362 3150 1245 3150 1245 3151 362 3151 1247 3151 362 3152 365 3152 1247 3152 1247 3153 365 3153 1248 3153 1248 3154 365 3154 1251 3154 365 3155 367 3155 1251 3155 1251 3156 367 3156 1253 3156 367 3157 369 3157 1253 3157 1253 3158 369 3158 1254 3158 1254 3159 371 3159 1257 3159 369 3160 371 3160 1254 3160 1257 3161 373 3161 1258 3161 1258 3162 373 3162 1261 3162 371 3163 373 3163 1257 3163 373 3164 375 3164 1261 3164 1261 3165 375 3165 1263 3165 375 3166 377 3166 1263 3166 1263 3167 377 3167 1265 3167 1265 3168 378 3168 1267 3168 1267 3169 378 3169 1268 3169 377 3170 378 3170 1265 3170 378 3171 381 3171 1268 3171 1268 3172 381 3172 1271 3172 1271 3173 383 3173 1273 3173 381 3174 383 3174 1271 3174 1273 3175 385 3175 1275 3175 383 3176 385 3176 1273 3176 1275 3177 387 3177 1277 3177 1277 3178 387 3178 1279 3178 385 3179 387 3179 1275 3179 1279 3180 389 3180 1281 3180 387 3181 389 3181 1279 3181 1281 3182 391 3182 1283 3182 389 3183 391 3183 1281 3183 1283 3184 393 3184 1285 3184 391 3185 393 3185 1283 3185 393 3186 1287 3186 1285 3186 2 3187 10 3187 809 3187 8 3188 10 3188 2 3188 393 3189 394 3189 1287 3189 394 3190 1289 3190 1287 3190 394 3191 397 3191 1289 3191 397 3192 1291 3192 1289 3192 397 3193 399 3193 1291 3193 399 3194 1292 3194 1291 3194 399 3195 401 3195 1292 3195 401 3196 1295 3196 1292 3196 403 3197 1297 3197 401 3197 401 3198 1297 3198 1295 3198 404 3199 1299 3199 403 3199 403 3200 1299 3200 1297 3200 407 3201 1301 3201 404 3201 404 3202 1301 3202 1299 3202 407 3203 1303 3203 1301 3203 409 3204 1305 3204 407 3204 407 3205 1305 3205 1303 3205 411 3206 1307 3206 409 3206 409 3207 1307 3207 1305 3207 413 3208 1308 3208 411 3208 411 3209 1308 3209 1307 3209 413 3210 1311 3210 1308 3210 414 3211 1313 3211 413 3211 413 3212 1313 3212 1311 3212 414 3213 1315 3213 1313 3213 417 3214 1315 3214 414 3214 419 3215 1317 3215 417 3215 417 3216 1317 3216 1315 3216 419 3217 1319 3217 1317 3217 421 3218 1321 3218 419 3218 419 3219 1321 3219 1319 3219 423 3220 1323 3220 421 3220 421 3221 1323 3221 1321 3221 425 3222 1325 3222 423 3222 423 3223 1325 3223 1323 3223 425 3224 1327 3224 1325 3224 426 3225 1329 3225 425 3225 425 3226 1329 3226 1327 3226 429 3227 1331 3227 426 3227 426 3228 1331 3228 1329 3228 431 3229 1333 3229 429 3229 429 3230 1333 3230 1331 3230 433 3231 1335 3231 431 3231 431 3232 1335 3232 1333 3232 433 3233 1336 3233 1335 3233 435 3234 1339 3234 433 3234 433 3235 1339 3235 1336 3235 437 3236 1341 3236 435 3236 435 3237 1341 3237 1339 3237 439 3238 1343 3238 437 3238 437 3239 1343 3239 1341 3239 439 3240 1345 3240 1343 3240 441 3241 1346 3241 439 3241 439 3242 1346 3242 1345 3242 441 3243 1349 3243 1346 3243 443 3244 1349 3244 441 3244 443 3245 1351 3245 1349 3245 445 3246 1351 3246 443 3246 445 3247 1353 3247 1351 3247 447 3248 1355 3248 445 3248 445 3249 1355 3249 1353 3249 447 3250 1356 3250 1355 3250 449 3251 1356 3251 447 3251 449 3252 1359 3252 1356 3252 451 3253 1359 3253 449 3253 451 3254 1361 3254 1359 3254 453 3255 1363 3255 451 3255 451 3256 1363 3256 1361 3256 455 3257 1365 3257 453 3257 453 3258 1365 3258 1363 3258 457 3259 1367 3259 455 3259 455 3260 1367 3260 1365 3260 457 3261 1369 3261 1367 3261 459 3262 1370 3262 457 3262 457 3263 1370 3263 1369 3263 460 3264 1373 3264 459 3264 459 3265 1373 3265 1370 3265 463 3266 1375 3266 460 3266 460 3267 1375 3267 1373 3267 463 3268 1376 3268 1375 3268 465 3269 1379 3269 463 3269 463 3270 1379 3270 1376 3270 467 3271 1381 3271 465 3271 465 3272 1381 3272 1379 3272 467 3273 1383 3273 1381 3273 469 3274 1385 3274 467 3274 467 3275 1385 3275 1383 3275 471 3276 1386 3276 469 3276 469 3277 1386 3277 1385 3277 473 3278 1389 3278 471 3278 471 3279 1389 3279 1386 3279 473 3280 1391 3280 1389 3280 475 3281 1393 3281 473 3281 473 3282 1393 3282 1391 3282 475 3283 1394 3283 1393 3283 477 3284 1394 3284 475 3284 477 3285 1397 3285 1394 3285 479 3286 1397 3286 477 3286 479 3287 1399 3287 1397 3287 479 3288 1400 3288 1399 3288 481 3289 1400 3289 479 3289 481 3290 1403 3290 1400 3290 483 3291 1403 3291 481 3291 483 3292 1405 3292 1403 3292 485 3293 1405 3293 483 3293 485 3294 1407 3294 1405 3294 485 3295 1409 3295 1407 3295 487 3296 1409 3296 485 3296 487 3297 1410 3297 1409 3297 489 3298 1410 3298 487 3298 491 3299 1413 3299 489 3299 489 3300 1413 3300 1410 3300 491 3301 1415 3301 1413 3301 493 3302 1417 3302 491 3302 491 3303 1417 3303 1415 3303 495 3304 1419 3304 493 3304 493 3305 1419 3305 1417 3305 497 3306 1421 3306 495 3306 495 3307 1421 3307 1419 3307 497 3308 1423 3308 1421 3308 499 3309 1425 3309 497 3309 497 3310 1425 3310 1423 3310 501 3311 1427 3311 499 3311 499 3312 1427 3312 1425 3312 503 3313 1429 3313 501 3313 501 3314 1429 3314 1427 3314 503 3315 1431 3315 1429 3315 503 3316 1433 3316 1431 3316 505 3317 1433 3317 503 3317 505 3318 1435 3318 1433 3318 507 3319 1435 3319 505 3319 507 3320 1437 3320 1435 3320 509 3321 1437 3321 507 3321 509 3322 1439 3322 1437 3322 509 3323 1440 3323 1439 3323 511 3324 1440 3324 509 3324 800 3325 806 3325 798 3325 511 3326 1443 3326 1440 3326 513 3327 1443 3327 511 3327 806 3328 1837 3328 798 3328 513 3329 1444 3329 1443 3329 1837 3330 1835 3330 798 3330 515 3331 1447 3331 513 3331 513 3332 1447 3332 1444 3332 1835 3333 1833 3333 798 3333 517 3334 1448 3334 515 3334 515 3335 1448 3335 1447 3335 1833 3336 1831 3336 798 3336 517 3337 1451 3337 1448 3337 518 3338 1451 3338 517 3338 1831 3339 1828 3339 798 3339 518 3340 1453 3340 1451 3340 1828 3341 1827 3341 798 3341 518 3342 1454 3342 1453 3342 521 3343 1454 3343 518 3343 1827 3344 1825 3344 798 3344 523 3345 1457 3345 521 3345 521 3346 1457 3346 1454 3346 1825 3347 1823 3347 798 3347 525 3348 1458 3348 523 3348 523 3349 1458 3349 1457 3349 1823 3350 1820 3350 798 3350 525 3351 1460 3351 1458 3351 1820 3352 1819 3352 798 3352 527 3353 1463 3353 525 3353 525 3354 1463 3354 1460 3354 1819 3355 1817 3355 798 3355 527 3356 1464 3356 1463 3356 528 3357 1464 3357 527 3357 1817 3358 1815 3358 798 3358 531 3359 1467 3359 528 3359 528 3360 1467 3360 1464 3360 1815 3361 1813 3361 798 3361 531 3362 1468 3362 1467 3362 1813 3363 1810 3363 798 3363 531 3364 1471 3364 1468 3364 533 3365 1471 3365 531 3365 1810 3366 1809 3366 798 3366 533 3367 1473 3367 1471 3367 535 3368 1473 3368 533 3368 798 3369 1806 3369 797 3369 1809 3370 1806 3370 798 3370 535 3371 1475 3371 1473 3371 537 3372 1475 3372 535 3372 797 3373 1805 3373 795 3373 1806 3374 1805 3374 797 3374 537 3375 1477 3375 1475 3375 795 3376 1803 3376 793 3376 1805 3377 1803 3377 795 3377 539 3378 1479 3378 537 3378 537 3379 1479 3379 1477 3379 1803 3380 1800 3380 793 3380 539 3381 1481 3381 1479 3381 541 3382 1481 3382 539 3382 1800 3383 1799 3383 793 3383 793 3384 1799 3384 791 3384 541 3385 1483 3385 1481 3385 543 3386 1483 3386 541 3386 1799 3387 1797 3387 791 3387 791 3388 1797 3388 789 3388 543 3389 1484 3389 1483 3389 1797 3390 1795 3390 789 3390 789 3391 1795 3391 786 3391 543 3392 1487 3392 1484 3392 545 3393 1487 3393 543 3393 1795 3394 1792 3394 786 3394 786 3395 1792 3395 784 3395 545 3396 1489 3396 1487 3396 547 3397 1489 3397 545 3397 1792 3398 1791 3398 784 3398 784 3399 1791 3399 783 3399 547 3400 1491 3400 1489 3400 549 3401 1491 3401 547 3401 1791 3402 1789 3402 783 3402 783 3403 1789 3403 781 3403 549 3404 1493 3404 1491 3404 1789 3405 1787 3405 781 3405 781 3406 1787 3406 779 3406 549 3407 1495 3407 1493 3407 551 3408 1495 3408 549 3408 1787 3409 1785 3409 779 3409 551 3410 1497 3410 1495 3410 553 3411 1497 3411 551 3411 1785 3412 1782 3412 779 3412 779 3413 1782 3413 776 3413 553 3414 1499 3414 1497 3414 1782 3415 1781 3415 776 3415 776 3416 1781 3416 775 3416 553 3417 1501 3417 1499 3417 555 3418 1501 3418 553 3418 1781 3419 1779 3419 775 3419 775 3420 1779 3420 772 3420 555 3421 1502 3421 1501 3421 557 3422 1502 3422 555 3422 1779 3423 1777 3423 772 3423 772 3424 1777 3424 771 3424 557 3425 1505 3425 1502 3425 559 3426 1505 3426 557 3426 1777 3427 1775 3427 771 3427 771 3428 1775 3428 769 3428 559 3429 1507 3429 1505 3429 1775 3430 1772 3430 769 3430 769 3431 1772 3431 766 3431 559 3432 1508 3432 1507 3432 561 3433 1508 3433 559 3433 1772 3434 1770 3434 766 3434 561 3435 1511 3435 1508 3435 563 3436 1511 3436 561 3436 1770 3437 1768 3437 766 3437 766 3438 1768 3438 765 3438 563 3439 1513 3439 1511 3439 564 3440 1513 3440 563 3440 1768 3441 1767 3441 765 3441 765 3442 1767 3442 763 3442 564 3443 1514 3443 1513 3443 763 3444 1764 3444 761 3444 1767 3445 1764 3445 763 3445 564 3446 1517 3446 1514 3446 567 3447 1517 3447 564 3447 761 3448 1763 3448 758 3448 1764 3449 1763 3449 761 3449 567 3450 1518 3450 1517 3450 569 3451 1518 3451 567 3451 758 3452 1761 3452 757 3452 1763 3453 1761 3453 758 3453 569 3454 1521 3454 1518 3454 571 3455 1521 3455 569 3455 757 3456 1759 3456 755 3456 1761 3457 1759 3457 757 3457 571 3458 1523 3458 1521 3458 1759 3459 1757 3459 755 3459 573 3460 1525 3460 571 3460 571 3461 1525 3461 1523 3461 1757 3462 1754 3462 755 3462 755 3463 1754 3463 753 3463 573 3464 1527 3464 1525 3464 575 3465 1527 3465 573 3465 1754 3466 1753 3466 753 3466 753 3467 1753 3467 751 3467 575 3468 1529 3468 1527 3468 577 3469 1529 3469 575 3469 1753 3470 1751 3470 751 3470 751 3471 1751 3471 749 3471 577 3472 1531 3472 1529 3472 1751 3473 1749 3473 749 3473 749 3474 1749 3474 747 3474 577 3475 1533 3475 1531 3475 579 3476 1533 3476 577 3476 1749 3477 1746 3477 747 3477 747 3478 1746 3478 745 3478 579 3479 1535 3479 1533 3479 581 3480 1535 3480 579 3480 1746 3481 1745 3481 745 3481 581 3482 1537 3482 1535 3482 583 3483 1537 3483 581 3483 1745 3484 1743 3484 745 3484 745 3485 1743 3485 743 3485 583 3486 1538 3486 1537 3486 1743 3487 1741 3487 743 3487 743 3488 1741 3488 741 3488 583 3489 1541 3489 1538 3489 585 3490 1541 3490 583 3490 1741 3491 1739 3491 741 3491 741 3492 1739 3492 738 3492 585 3493 1543 3493 1541 3493 587 3494 1543 3494 585 3494 1739 3495 1736 3495 738 3495 738 3496 1736 3496 737 3496 587 3497 1545 3497 1543 3497 588 3498 1545 3498 587 3498 1736 3499 1735 3499 737 3499 737 3500 1735 3500 735 3500 588 3501 1547 3501 1545 3501 1735 3502 1732 3502 735 3502 588 3503 1548 3503 1547 3503 590 3504 1548 3504 588 3504 1732 3505 1731 3505 735 3505 735 3506 1731 3506 733 3506 593 3507 1551 3507 590 3507 590 3508 1551 3508 1548 3508 1731 3509 1728 3509 733 3509 733 3510 1728 3510 731 3510 595 3511 1552 3511 593 3511 593 3512 1552 3512 1551 3512 1728 3513 1727 3513 731 3513 731 3514 1727 3514 729 3514 595 3515 1555 3515 1552 3515 1727 3516 1725 3516 729 3516 729 3517 1725 3517 727 3517 597 3518 1556 3518 595 3518 595 3519 1556 3519 1555 3519 727 3520 1723 3520 725 3520 1725 3521 1723 3521 727 3521 599 3522 1559 3522 597 3522 597 3523 1559 3523 1556 3523 1723 3524 1720 3524 725 3524 601 3525 1561 3525 599 3525 599 3526 1561 3526 1559 3526 725 3527 1718 3527 723 3527 1720 3528 1718 3528 725 3528 601 3529 1562 3529 1561 3529 723 3530 1717 3530 721 3530 1718 3531 1717 3531 723 3531 603 3532 1564 3532 601 3532 601 3533 1564 3533 1562 3533 721 3534 1715 3534 718 3534 1717 3535 1715 3535 721 3535 605 3536 1566 3536 603 3536 603 3537 1566 3537 1564 3537 1715 3538 1713 3538 718 3538 718 3539 1713 3539 717 3539 607 3540 1569 3540 605 3540 605 3541 1569 3541 1566 3541 717 3542 1711 3542 715 3542 1713 3543 1711 3543 717 3543 607 3544 1571 3544 1569 3544 1711 3545 1709 3545 715 3545 608 3546 1573 3546 607 3546 607 3547 1573 3547 1571 3547 1709 3548 1707 3548 715 3548 715 3549 1707 3549 713 3549 611 3550 1574 3550 608 3550 608 3551 1574 3551 1573 3551 1707 3552 1705 3552 713 3552 713 3553 1705 3553 711 3553 613 3554 1576 3554 611 3554 611 3555 1576 3555 1574 3555 1705 3556 1703 3556 711 3556 711 3557 1703 3557 709 3557 613 3558 1579 3558 1576 3558 1703 3559 1701 3559 709 3559 709 3560 1701 3560 707 3560 613 3561 1581 3561 1579 3561 615 3562 1581 3562 613 3562 1701 3563 1699 3563 707 3563 615 3564 1583 3564 1581 3564 617 3565 1583 3565 615 3565 707 3566 1696 3566 705 3566 1699 3567 1696 3567 707 3567 617 3568 1585 3568 1583 3568 619 3569 1585 3569 617 3569 1696 3570 1695 3570 705 3570 705 3571 1695 3571 702 3571 619 3572 1587 3572 1585 3572 1695 3573 1693 3573 702 3573 702 3574 1693 3574 701 3574 621 3575 1589 3575 619 3575 619 3576 1589 3576 1587 3576 1693 3577 1690 3577 701 3577 701 3578 1690 3578 699 3578 622 3579 1591 3579 621 3579 621 3580 1591 3580 1589 3580 1690 3581 1689 3581 699 3581 625 3582 1593 3582 622 3582 622 3583 1593 3583 1591 3583 1689 3584 1686 3584 699 3584 699 3585 1686 3585 697 3585 627 3586 1595 3586 625 3586 625 3587 1595 3587 1593 3587 1686 3588 1685 3588 697 3588 697 3589 1685 3589 694 3589 627 3590 1597 3590 1595 3590 1685 3591 1683 3591 694 3591 694 3592 1683 3592 693 3592 629 3593 1599 3593 627 3593 627 3594 1599 3594 1597 3594 693 3595 1681 3595 691 3595 1683 3596 1681 3596 693 3596 631 3597 1601 3597 629 3597 629 3598 1601 3598 1599 3598 1681 3599 1679 3599 691 3599 633 3600 1603 3600 631 3600 631 3601 1603 3601 1601 3601 691 3602 1677 3602 689 3602 1679 3603 1677 3603 691 3603 633 3604 1604 3604 1603 3604 689 3605 1675 3605 687 3605 1677 3606 1675 3606 689 3606 635 3607 1607 3607 633 3607 633 3608 1607 3608 1604 3608 687 3609 1673 3609 685 3609 1675 3610 1673 3610 687 3610 637 3611 1609 3611 635 3611 635 3612 1609 3612 1607 3612 685 3613 1671 3613 683 3613 1673 3614 1671 3614 685 3614 639 3615 1610 3615 637 3615 637 3616 1610 3616 1609 3616 1671 3617 1669 3617 683 3617 639 3618 1613 3618 1610 3618 1669 3619 1667 3619 683 3619 683 3620 1667 3620 681 3620 641 3621 1614 3621 639 3621 639 3622 1614 3622 1613 3622 681 3623 1665 3623 679 3623 1667 3624 1665 3624 681 3624 643 3625 1617 3625 641 3625 641 3626 1617 3626 1614 3626 679 3627 1662 3627 677 3627 1665 3628 1662 3628 679 3628 643 3629 1619 3629 1617 3629 644 3630 1619 3630 643 3630 1662 3631 1661 3631 677 3631 677 3632 1661 3632 675 3632 644 3633 1621 3633 1619 3633 646 3634 1621 3634 644 3634 1661 3635 1659 3635 675 3635 646 3636 1623 3636 1621 3636 1659 3637 1657 3637 675 3637 675 3638 1657 3638 673 3638 649 3639 1625 3639 646 3639 646 3640 1625 3640 1623 3640 1657 3641 1654 3641 673 3641 673 3642 1654 3642 671 3642 651 3643 1627 3643 649 3643 649 3644 1627 3644 1625 3644 1654 3645 1653 3645 671 3645 671 3646 1653 3646 669 3646 802 3647 804 3647 806 3647 653 3648 1629 3648 651 3648 651 3649 1629 3649 1627 3649 1653 3650 1651 3650 669 3650 669 3651 1651 3651 667 3651 653 3652 1631 3652 1629 3652 1651 3653 1649 3653 667 3653 653 3654 1632 3654 1631 3654 654 3655 1632 3655 653 3655 1649 3656 1646 3656 667 3656 667 3657 1646 3657 665 3657 657 3658 1635 3658 654 3658 654 3659 1635 3659 1632 3659 1646 3660 1645 3660 665 3660 665 3661 1645 3661 663 3661 657 3662 1637 3662 1635 3662 659 3663 1637 3663 657 3663 1645 3664 1643 3664 663 3664 663 3665 1643 3665 660 3665 659 3666 1639 3666 1637 3666 660 3667 1639 3667 659 3667 1643 3668 1641 3668 660 3668 660 3669 1641 3669 1639 3669 800 3670 802 3670 806 3670 10 3671 12 3671 809 3671 803 3672 1838 3672 802 3672 803 3673 1839 3673 1838 3673 1839 3674 1840 3674 1838 3674 1839 3675 1841 3675 1840 3675 1841 3676 1842 3676 1840 3676 1841 3677 1843 3677 1842 3677 1843 3678 1844 3678 1842 3678 1843 3679 1845 3679 1844 3679 1845 3680 1846 3680 1844 3680 1845 3681 1847 3681 1846 3681 1847 3682 802 3682 1846 3682 1847 3683 803 3683 802 3683 1843 3684 1841 3684 1847 3684 1845 3685 1843 3685 1847 3685 1839 3686 1847 3686 1841 3686 803 3687 1847 3687 1839 3687 1840 3688 1842 3688 1846 3688 1842 3689 1844 3689 1846 3689 1846 3690 1838 3690 1840 3690 1846 3691 802 3691 1838 3691 1848 3692 1849 3692 1850 3692 1848 3693 6 3693 1849 3693 1851 3694 1852 3694 1850 3694 1850 3695 1852 3695 1848 3695 1852 3696 1853 3696 1842 3696 1851 3697 1853 3697 1852 3697 1854 3698 1855 3698 1856 3698 7 3699 1855 3699 1854 3699 1857 3700 1858 3700 1856 3700 1857 3701 1856 3701 1855 3701 1859 3702 1857 3702 1843 3702 1859 3703 1858 3703 1857 3703 1856 3704 1851 3704 1850 3704 1856 3705 1858 3705 1851 3705 1854 3706 1850 3706 1849 3706 1854 3707 1856 3707 1850 3707 7 3708 1849 3708 6 3708 7 3709 1854 3709 1849 3709 1855 3710 6 3710 1848 3710 1855 3711 7 3711 6 3711 1857 3712 1848 3712 1852 3712 1857 3713 1855 3713 1848 3713 1843 3714 1852 3714 1842 3714 1843 3715 1857 3715 1852 3715 1859 3716 1842 3716 1853 3716 1859 3717 1843 3717 1842 3717 1858 3718 1853 3718 1851 3718 1858 3719 1859 3719 1853 3719</p>
        </triangles>
      </mesh>
    </geometry>
  </library_geometries>
  <library_materials>
    <material id="mat_Mesh" name="Mesh">
      <instance_effect url="#effect_Mesh"/>
    </material>
  </library_materials>
  <library_visual_scenes>
    <visual_scene id="myscene">
      <node id="node0" name="node0">
        <instance_geometry url="#geometry0">
          <bind_material>
            <technique_common>
              <instance_material symbol="ref_Mesh" target="#mat_Mesh"/>
            </technique_common>
          </bind_material>
        </instance_geometry>
      </node>
    </visual_scene>
  </library_visual_scenes>
  <scene>
    <instance_visual_scene url="#myscene"/>
  </scene>
</COLLADA>
